date,btcClose,ethClose,adaClose
2017-10-01,4403.740234000001,302.33700600000003,0.024968999999999998
2017-10-02,4409.319824,297.475006,0.025932
2017-10-03,4317.47998,292.463013,0.020816
2017-10-04,4229.359863000001,292.65799,0.021931
2017-10-05,4328.410156,295.863007,0.021488999999999998
2017-10-06,4370.810059,308.588013,0.018539
2017-10-07,4426.890136999999,311.12399300000004,0.020941
2017-10-08,4610.47998,308.608002,0.020477000000000002
2017-10-09,4772.02002,297.391998,0.022113999999999998
2017-10-10,4781.990234000001,299.869995,0.021531
2017-10-11,4826.47998,303.455994,0.02252
2017-10-12,5446.910156,304.135986,0.026251999999999998
2017-10-13,5647.209961,338.75698900000003,0.033641000000000004
2017-10-14,5831.790039,339.627991,0.032465
2017-10-15,5678.189941,336.59500099999997,0.030049
2017-10-16,5725.589844,333.384003,0.028948
2017-10-17,5605.509765999999,317.082001,0.027217
2017-10-18,5590.689941,314.319,0.026691000000000003
2017-10-19,5708.52002,308.088013,0.027032
2017-10-20,6011.450195,304.006012,0.03063
2017-10-21,6031.600098,300.18701200000004,0.028436000000000003
2017-10-22,6008.419922,295.446014,0.027729000000000004
2017-10-23,5930.319824,286.950012,0.025454
2017-10-24,5526.640136999999,298.32800299999997,0.027193000000000002
2017-10-25,5750.799805,297.924988,0.027527
2017-10-26,5904.830078,296.527008,0.027132
2017-10-27,5780.899902,297.423004,0.026382
2017-10-28,5753.089844,296.298004,0.025866000000000004
2017-10-29,6153.850098,305.088013,0.028607
2017-10-30,6130.529785,307.75100699999996,0.028582999999999997
2017-10-31,6468.399902,305.878998,0.030437
2017-11-01,6767.310059,291.694,0.022986000000000003
2017-11-02,7078.5,287.428986,0.021306
2017-11-03,7207.759765999999,305.710999,0.022628
2017-11-04,7379.950195,300.468994,0.022022
2017-11-05,7407.410156,296.263,0.020635
2017-11-06,7022.759765999999,298.891998,0.021881
2017-11-07,7144.379883,294.658997,0.022195
2017-11-08,7459.689941,309.070007,0.025186
2017-11-09,7143.580078,320.884003,0.032053
2017-11-10,6618.140136999999,299.252991,0.027119
2017-11-11,6357.600098,314.681,0.027437
2017-11-12,5950.069824,307.90799,0.023977000000000002
2017-11-13,6559.490234000001,316.716003,0.025807999999999998
2017-11-14,6635.75,337.631012,0.02623
2017-11-15,7315.540039,333.35699500000004,0.026445
2017-11-16,7871.689941,330.924011,0.02758
2017-11-17,7708.990234000001,332.39401200000003,0.025773
2017-11-18,7790.149901999999,347.612,0.026369
2017-11-19,8036.490234000001,354.385986,0.028083999999999998
2017-11-20,8200.639648,366.730011,0.029581
2017-11-21,8071.259765999999,360.40100099999995,0.02833
2017-11-22,8253.549805,380.652008,0.028549
2017-11-23,8038.77002,410.16598500000003,0.027444
2017-11-24,8253.69043,474.91101100000003,0.028382
2017-11-25,8790.919922,466.27600099999995,0.030447000000000002
2017-11-26,9330.549805,471.329987,0.036331999999999996
2017-11-27,9818.349609,480.35501100000005,0.050593
2017-11-28,10058.799805,472.902008,0.119744
2017-11-29,9888.610352,427.52300999999994,0.08971799999999999
2017-11-30,10233.599609,447.11401399999994,0.11988299999999999
2017-12-01,10975.599609,466.540009,0.131352
2017-12-02,11074.599609,463.449005,0.132351
2017-12-03,11323.200195,465.85299699999996,0.131807
2017-12-04,11657.200195,470.20401,0.13587
2017-12-05,11916.700195,463.28100599999993,0.12748800000000002
2017-12-06,14291.5,428.588013,0.11783900000000001
2017-12-07,17899.699219,434.40799000000004,0.105501
2017-12-08,16569.400391,456.03100599999993,0.11546500000000001
2017-12-09,15178.200195,473.502014,0.119609
2017-12-10,15455.400391,441.721008,0.11028099999999999
2017-12-11,16936.800781,515.135986,0.12138299999999999
2017-12-12,17415.400391,651.43103,0.133891
2017-12-13,16408.199219,702.767029,0.13428099999999998
2017-12-14,16564.0,695.815979,0.24075300000000002
2017-12-15,17706.900391,684.4479980000001,0.21346700000000002
2017-12-16,19497.400391,696.208984,0.404665
2017-12-17,19140.800781,719.974976,0.513011
2017-12-18,19114.199219,794.64502,0.5181979999999999
2017-12-19,17776.699219,826.8229980000001,0.531273
2017-12-20,16624.599609,819.085999,0.486151
2017-12-21,15802.900391,821.062988,0.477851
2017-12-22,13831.799805,674.8599849999999,0.40715
2017-12-23,14699.200195,719.387024,0.41402700000000003
2017-12-24,13925.799805,694.14801,0.390029
2017-12-25,14026.599609,765.833984,0.41636300000000004
2017-12-26,16099.799805,773.835999,0.428465
2017-12-27,15838.5,762.84198,0.41417600000000004
2017-12-28,14606.5,737.02301,0.40770100000000004
2017-12-29,14656.200195,753.59198,0.529299
2017-12-30,12952.200195,717.257019,0.639243
2017-12-31,14156.400391,756.732971,0.719695
2018-01-01,13657.200195,772.640991,0.728657
2018-01-02,14982.099609,884.4439699999999,0.782587
2018-01-03,15201.0,962.7199710000001,1.07966
2018-01-04,15599.200195,980.921997,1.11412
2018-01-05,17429.5,997.7199710000001,0.999559
2018-01-06,17527.0,1041.680054,1.02715
2018-01-07,16477.599609,1153.170044,1.00852
2018-01-08,15170.099609,1148.530029,0.8990020000000001
2018-01-09,14595.400391,1299.73999,0.814743
2018-01-10,14973.299805,1255.819946,0.793121
2018-01-11,13405.799805,1154.930054,0.688412
2018-01-12,13980.599609,1273.199951,0.897508
2018-01-13,14360.200195,1396.420044,0.884124
2018-01-14,13772.0,1366.77002,0.802262
2018-01-15,13819.799805,1291.920044,0.778587
2018-01-16,11490.5,1053.689941,0.6264930000000001
2018-01-17,11188.599609,1014.25,0.629102
2018-01-18,11474.900391,1036.280029,0.6598430000000001
2018-01-19,11607.400391,1039.099976,0.6504979999999999
2018-01-20,12899.200195,1155.150024,0.7075100000000001
2018-01-21,11600.099609,1049.579956,0.613163
2018-01-22,10931.400391,1003.26001,0.570458
2018-01-23,10868.400391,986.2290039999999,0.56307
2018-01-24,11359.400391,1058.780029,0.622208
2018-01-25,11259.400391,1056.030029,0.637495
2018-01-26,11171.400391,1055.170044,0.623382
2018-01-27,11440.700195,1107.069946,0.616833
2018-01-28,11786.299805,1246.01001,0.6702859999999999
2018-01-29,11296.400391,1182.359985,0.623204
2018-01-30,10106.299805,1071.130005,0.531913
2018-01-31,10221.099609,1118.310059,0.519315
2018-02-01,9170.540039,1036.790039,0.42167200000000005
2018-02-02,8830.75,915.784973,0.390534
2018-02-03,9174.910156,964.018982,0.43883599999999995
2018-02-04,8277.009766,834.682007,0.379303
2018-02-05,6955.27002,697.9509889999999,0.327371
2018-02-06,7754.0,793.1220089999999,0.369753
2018-02-07,7621.299805,757.067993,0.340447
2018-02-08,8265.589844,817.807007,0.356584
2018-02-09,8736.980469,883.86499,0.391602
2018-02-10,8621.900391,860.4149779999999,0.40587199999999996
2018-02-11,8129.970215,814.659973,0.369769
2018-02-12,8926.570313,868.70697,0.384315
2018-02-13,8598.30957,845.257996,0.373314
2018-02-14,9494.629883,923.560974,0.396908
2018-02-15,10166.400391,936.9760130000001,0.409368
2018-02-16,10233.900391,944.2100220000001,0.40381
2018-02-17,11112.700195,974.11499,0.419883
2018-02-18,10551.799805,923.9210210000001,0.38561799999999996
2018-02-19,11225.299805,943.86499,0.391472
2018-02-20,11403.700195,895.370972,0.378779
2018-02-21,10690.400391,849.971008,0.36444099999999996
2018-02-22,10005.0,812.844971,0.337871
2018-02-23,10301.099609,864.189026,0.345258
2018-02-24,9813.070313,840.5150150000001,0.322966
2018-02-25,9664.730469,844.8099980000001,0.344033
2018-02-26,10366.700195,869.3150019999999,0.338335
2018-02-27,10725.599609,878.2650150000001,0.335536
2018-02-28,10397.900391,855.198975,0.312581
2018-03-01,10951.0,872.2000119999999,0.304397
2018-03-02,11086.400391,856.853027,0.293504
2018-03-03,11489.700195,857.224976,0.297106
2018-03-04,11512.599609,866.6779789999999,0.30078699999999997
2018-03-05,11573.299805,853.6840210000001,0.297622
2018-03-06,10779.900391,816.9509889999999,0.285357
2018-03-07,9965.570313,752.830994,0.247281
2018-03-08,9395.009766,704.596008,0.221743
2018-03-09,9337.549805,728.916016,0.22220700000000002
2018-03-10,8866.0,686.8900150000001,0.209873
2018-03-11,9578.629883,723.338989,0.223498
2018-03-12,9205.120117,699.830994,0.22372199999999998
2018-03-13,9194.849609,690.8270259999999,0.22302600000000003
2018-03-14,8269.80957,614.291016,0.199562
2018-03-15,8300.860352,611.304016,0.18570899999999999
2018-03-16,8338.349609,601.666016,0.178878
2018-03-17,7916.879883,552.778992,0.154763
2018-03-18,8223.679688,538.643982,0.156155
2018-03-19,8630.650391,556.726013,0.197648
2018-03-20,8913.469727,557.174988,0.204947
2018-03-21,8929.280273,561.731995,0.213189
2018-03-22,8728.469727,539.7020259999999,0.203481
2018-03-23,8879.620117,539.6190190000001,0.18925899999999998
2018-03-24,8668.120117,526.439026,0.189201
2018-03-25,8495.780273,524.2869870000001,0.184605
2018-03-26,8209.400391,489.950989,0.16780599999999998
2018-03-27,7833.040039,450.115997,0.154926
2018-03-28,7954.47998,446.278992,0.160058
2018-03-29,7165.700195,385.967987,0.14688199999999998
2018-03-30,6890.52002,394.644989,0.14720899999999998
2018-03-31,6973.529785,396.457001,0.155919
2018-04-01,6844.22998,379.60699500000004,0.150768
2018-04-02,7083.799805,386.424988,0.156385
2018-04-03,7456.109863,416.89300499999996,0.172447
2018-04-04,6853.839844,380.542999,0.155356
2018-04-05,6811.470215,383.23199500000004,0.148758
2018-04-06,6636.319824,370.285004,0.144451
2018-04-07,6911.089844,385.31399500000003,0.148794
2018-04-08,7023.52002,400.507996,0.156599
2018-04-09,6770.72998,398.52600099999995,0.153106
2018-04-10,6834.759765999999,414.24301099999997,0.156347
2018-04-11,6968.319823999999,430.540009,0.166029
2018-04-12,7889.25,492.94100999999995,0.212233
2018-04-13,7895.959961,492.73498499999994,0.200532
2018-04-14,7986.240234000001,501.47799699999996,0.200853
2018-04-15,8329.110352,531.7020259999999,0.22139
2018-04-16,8058.669922,511.14700300000004,0.256646
2018-04-17,7902.089844,502.89401200000003,0.24372399999999997
2018-04-18,8163.419922,524.789001,0.260341
2018-04-19,8294.30957,567.888977,0.272358
2018-04-20,8845.830078,615.7180179999999,0.301247
2018-04-21,8895.580078,605.39502,0.29058
2018-04-22,8802.459961,621.8599849999999,0.285535
2018-04-23,8930.879883,642.5479740000001,0.288473
2018-04-24,9697.5,708.15802,0.312875
2018-04-25,8845.740234,615.416016,0.271654
2018-04-26,9281.509766,662.809021,0.294295
2018-04-27,8987.049805,647.0319820000001,0.288489
2018-04-28,9348.480469,683.677979,0.35787399999999997
2018-04-29,9419.080078,688.8809809999999,0.365057
2018-04-30,9240.549805,669.9240110000001,0.34331799999999996
2018-05-01,9119.009766,673.612976,0.358693
2018-05-02,9235.919922,687.148987,0.37242
2018-05-03,9743.860352,779.5430299999999,0.369709
2018-05-04,9700.759766,785.6240230000001,0.360182
2018-05-05,9858.150391,816.119995,0.366338
2018-05-06,9654.799805,792.310974,0.350021
2018-05-07,9373.009766,753.724976,0.33517600000000003
2018-05-08,9234.820313,752.856995,0.328352
2018-05-09,9325.179688,752.275024,0.32359299999999996
2018-05-10,9043.94043,727.276978,0.297089
2018-05-11,8441.490234,679.585999,0.260127
2018-05-12,8504.889648,686.0479740000001,0.270932
2018-05-13,8723.94043,733.4959719999999,0.28589000000000003
2018-05-14,8716.790039,730.5490110000001,0.273434
2018-05-15,8510.379883,708.8709719999999,0.260155
2018-05-16,8368.830078,707.049988,0.256375
2018-05-17,8094.319823999999,672.6569820000001,0.243664
2018-05-18,8250.969727,694.367004,0.245544
2018-05-19,8247.179688,696.530029,0.24327100000000002
2018-05-20,8513.25,715.3690190000001,0.25613600000000003
2018-05-21,8418.990234,699.221985,0.24884
2018-05-22,8041.779785,647.741028,0.224408
2018-05-23,7557.819823999999,583.585022,0.202873
2018-05-24,7587.339844,601.755005,0.20898899999999998
2018-05-25,7480.140137,586.734009,0.200655
2018-05-26,7355.879883,587.280029,0.19656700000000002
2018-05-27,7368.220215,572.6680299999999,0.193557
2018-05-28,7135.990234000001,516.036011,0.174783
2018-05-29,7472.589844,565.388,0.20319
2018-05-30,7406.52002,559.590027,0.211143
2018-05-31,7494.169922,577.64502,0.225214
2018-06-01,7541.450195,580.0430299999999,0.222507
2018-06-02,7643.450195,591.807983,0.227742
2018-06-03,7720.25,618.328979,0.228154
2018-06-04,7514.470215,592.9849849999999,0.21401199999999998
2018-06-05,7633.759765999999,609.302979,0.220467
2018-06-06,7653.97998,607.1240230000001,0.215721
2018-06-07,7678.240234000001,605.187012,0.211119
2018-06-08,7624.919922,601.0770259999999,0.20535799999999998
2018-06-09,7531.97998,597.562012,0.20209100000000002
2018-06-10,6786.02002,526.479004,0.176868
2018-06-11,6906.919922,533.283997,0.18128
2018-06-12,6582.359863000001,496.842987,0.16658499999999998
2018-06-13,6349.899902,477.493988,0.160408
2018-06-14,6675.350098,519.742004,0.172375
2018-06-15,6456.580078,491.003998,0.162747
2018-06-16,6550.160156,499.64199800000006,0.162962
2018-06-17,6499.27002,500.44799800000004,0.16138
2018-06-18,6734.819823999999,518.890991,0.164117
2018-06-19,6769.939941,537.9569700000001,0.167185
2018-06-20,6776.549805,536.268005,0.161985
2018-06-21,6729.740234000001,527.367004,0.158556
2018-06-22,6083.689941,465.81698600000004,0.13983900000000002
2018-06-23,6162.47998,474.51998899999995,0.13786800000000002
2018-06-24,6173.22998,457.671997,0.132703
2018-06-25,6249.180176,460.30999800000006,0.135269
2018-06-26,6093.669922,432.77200300000004,0.126099
2018-06-27,6157.129883,442.36499000000003,0.127444
2018-06-28,5903.439941,422.36499000000003,0.11932000000000001
2018-06-29,6218.299805,436.009003,0.12572
2018-06-30,6404.0,455.17999299999997,0.13767100000000002
2018-07-01,6385.819824,453.917999,0.142208
2018-07-02,6614.180176,475.34698499999996,0.158278
2018-07-03,6529.589844,464.19500700000003,0.15065499999999998
2018-07-04,6597.549805,467.31799299999994,0.15095999999999998
2018-07-05,6639.140136999999,474.411987,0.148921
2018-07-06,6673.5,474.01199299999996,0.146084
2018-07-07,6856.930176000001,491.660004,0.150373
2018-07-08,6773.879883,489.118988,0.14538900000000002
2018-07-09,6741.75,476.68200700000006,0.139971
2018-07-10,6329.950195,434.424011,0.12879200000000002
2018-07-11,6394.709961,446.51800499999996,0.131483
2018-07-12,6228.810059,430.074005,0.127181
2018-07-13,6238.049805,434.027008,0.13788699999999998
2018-07-14,6276.120117,436.085999,0.13709200000000002
2018-07-15,6359.640136999999,449.85000599999995,0.142262
2018-07-16,6741.75,480.65799000000004,0.156118
2018-07-17,7321.040039,501.002014,0.17086500000000002
2018-07-18,7370.779785,480.513,0.179378
2018-07-19,7466.859863,469.618988,0.180869
2018-07-20,7354.129883,450.69799800000004,0.162175
2018-07-21,7419.290039,462.43600499999997,0.16363699999999998
2018-07-22,7418.490234000001,459.657013,0.170277
2018-07-23,7711.109863,450.85299699999996,0.164028
2018-07-24,8424.269531,479.372986,0.173172
2018-07-25,8181.390137,472.493011,0.172731
2018-07-26,7951.580078,464.036987,0.16476500000000002
2018-07-27,8165.009765999999,469.665985,0.16554000000000002
2018-07-28,8192.150391,466.89800999999994,0.16338
2018-07-29,8218.459961,466.665009,0.163313
2018-07-30,8180.47998,457.08099400000003,0.154087
2018-07-31,7780.439941,433.867004,0.143297
2018-08-01,7624.910156,420.747009,0.140901
2018-08-02,7567.149901999999,412.621002,0.131941
2018-08-03,7434.390137,418.261993,0.13025499999999998
2018-08-04,7032.850098000001,407.25201400000003,0.127547
2018-08-05,7068.47998,410.51599100000004,0.131721
2018-08-06,6951.799805,406.65799,0.130553
2018-08-07,6753.120117,380.214996,0.125378
2018-08-08,6305.799805,356.613007,0.11375199999999999
2018-08-09,6568.22998,365.588013,0.12350699999999999
2018-08-10,6184.709961,334.175995,0.116355
2018-08-11,6295.72998,322.112,0.11243900000000001
2018-08-12,6322.689941,319.570007,0.11297
2018-08-13,6297.569824,286.494995,0.10290999999999999
2018-08-14,6199.709961,278.932007,0.094662
2018-08-15,6308.52002,282.364014,0.09504
2018-08-16,6334.72998,288.04599,0.095331
2018-08-17,6580.629883,315.72900400000003,0.10988699999999998
2018-08-18,6423.759765999999,295.81201200000004,0.099785
2018-08-19,6506.069824,300.83401499999997,0.10243699999999999
2018-08-20,6308.529785,274.315002,0.093764
2018-08-21,6488.759765999999,281.944,0.095003
2018-08-22,6376.709961,271.341003,0.090149
2018-08-23,6534.879883,277.10400400000003,0.092453
2018-08-24,6719.959961,282.96701,0.094077
2018-08-25,6763.189941,279.64599599999997,0.094282
2018-08-26,6707.259765999999,275.196991,0.093338
2018-08-27,6884.640137,285.602997,0.10026399999999999
2018-08-28,7096.279785,296.49899300000004,0.10547999999999999
2018-08-29,7047.160156,289.31201200000004,0.10546900000000001
2018-08-30,6978.22998,284.105011,0.10056
2018-08-31,7037.580078,283.003998,0.10219600000000001
2018-09-01,7193.25,295.341003,0.10682699999999999
2018-09-02,7272.720215,294.371002,0.104432
2018-09-03,7260.060059,289.259003,0.10360699999999999
2018-09-04,7361.660156,285.722992,0.10526500000000001
2018-09-05,6792.830078,232.330994,0.08756900000000001
2018-09-06,6529.169922,230.21499599999999,0.088666
2018-09-07,6467.069824,217.20300299999997,0.083983
2018-09-08,6225.97998,197.951004,0.078235
2018-09-09,6300.859863000001,196.923996,0.07664299999999999
2018-09-10,6329.700195,197.078995,0.073508
2018-09-11,6321.200195,185.065994,0.070513
2018-09-12,6351.799805,183.330994,0.066745
2018-09-13,6517.310059,211.354004,0.069829
2018-09-14,6512.709961,211.748993,0.068248
2018-09-15,6543.200195,223.07400499999997,0.06932200000000001
2018-09-16,6517.180176,220.589005,0.069963
2018-09-17,6281.200195,197.875,0.063899
2018-09-18,6371.299805,209.975006,0.06942999999999999
2018-09-19,6398.540039,209.96899399999998,0.07235
2018-09-20,6519.669922,224.59100299999997,0.081493
2018-09-21,6734.950195,246.584,0.08760599999999999
2018-09-22,6721.97998,240.479996,0.08319299999999999
2018-09-23,6710.629883,244.330002,0.089754
2018-09-24,6595.410156,228.729996,0.082754
2018-09-25,6446.470215,218.50500499999998,0.081028
2018-09-26,6495.0,215.847,0.079476
2018-09-27,6676.75,228.494003,0.086001
2018-09-28,6644.129883,222.401993,0.08403200000000001
2018-09-29,6601.959961,231.63499500000003,0.084606
2018-09-30,6625.560059,232.848007,0.085195
2018-10-01,6589.620117,230.768005,0.084469
2018-10-02,6556.100098,227.181,0.082525
2018-10-03,6502.589844,220.488998,0.080789
2018-10-04,6576.689941,222.218002,0.081304
2018-10-05,6622.47998,227.600998,0.082991
2018-10-06,6588.310059,225.11999500000002,0.081303
2018-10-07,6602.950195,226.119003,0.08465800000000001
2018-10-08,6652.22998,229.25500499999998,0.086607
2018-10-09,6642.640136999999,227.981995,0.086357
2018-10-10,6585.529785,225.768997,0.08467899999999999
2018-10-11,6256.240234000001,189.49899299999998,0.070939
2018-10-12,6274.580078,196.727005,0.073214
2018-10-13,6285.990234000001,199.841003,0.073103
2018-10-14,6290.930176,195.71499599999999,0.071293
2018-10-15,6596.540039,209.703995,0.074789
2018-10-16,6596.109863000001,210.11999500000002,0.07581399999999999
2018-10-17,6544.430176,207.082993,0.077408
2018-10-18,6476.709961,203.352005,0.07513099999999999
2018-10-19,6465.410156,203.727005,0.075836
2018-10-20,6489.189941,205.429993,0.076342
2018-10-21,6482.350098,205.141998,0.075873
2018-10-22,6487.160156,204.044006,0.075776
2018-10-23,6475.740234000001,204.335999,0.07474299999999999
2018-10-24,6495.839844,203.852005,0.074321
2018-10-25,6476.290039,202.71899399999998,0.07385900000000001
2018-10-26,6474.75,203.328995,0.073713
2018-10-27,6480.379883,204.21000700000002,0.072886
2018-10-28,6486.390136999999,205.365997,0.073166
2018-10-29,6332.629883,197.246994,0.069627
2018-10-30,6334.27002,197.556,0.069647
2018-10-31,6317.609863000001,197.380997,0.06970499999999999
2018-11-01,6377.779785,198.871994,0.070867
2018-11-02,6388.439941,200.634995,0.07258400000000001
2018-11-03,6361.259765999999,200.186005,0.071479
2018-11-04,6376.129883,207.48599199999998,0.07622899999999999
2018-11-05,6419.660156,209.091003,0.07614800000000001
2018-11-06,6461.009765999999,218.451996,0.080952
2018-11-07,6530.140136999999,217.18299900000002,0.078544
2018-11-08,6453.720215,212.231003,0.07649299999999999
2018-11-09,6385.620117,210.07400499999997,0.074226
2018-11-10,6409.220215,212.53300499999997,0.07522100000000001
2018-11-11,6411.27002,211.33999599999999,0.076481
2018-11-12,6371.27002,210.417999,0.076001
2018-11-13,6359.490234000001,206.826004,0.073603
2018-11-14,5738.350098,181.397003,0.064824
2018-11-15,5648.029785,180.806,0.06354299999999999
2018-11-16,5575.549805,175.17700200000002,0.061151
2018-11-17,5554.330078,174.00100700000002,0.060675
2018-11-18,5623.540039,177.067001,0.061916
2018-11-19,4871.490234000001,149.175003,0.052582000000000004
2018-11-20,4451.870117,130.33900500000001,0.044777
2018-11-21,4602.169922,136.701004,0.04778
2018-11-22,4365.939941,126.706001,0.044255
2018-11-23,4347.109863000001,123.295998,0.043412
2018-11-24,3880.76001,113.494003,0.038458
2018-11-25,4009.969971,116.449997,0.037725
2018-11-26,3779.1298829999996,108.334999,0.035806
2018-11-27,3820.719971,110.010002,0.036461
2018-11-28,4257.419922,122.438004,0.042020999999999996
2018-11-29,4278.84668,117.542648,0.041866
2018-11-30,4017.2685549999997,113.17141699999999,0.038916
2018-12-01,4214.671875,118.63555900000001,0.041468
2018-12-02,4139.87793,116.388901,0.041672
2018-12-03,3894.1308590000003,108.925018,0.038671
2018-12-04,3956.8937990000004,110.214188,0.037699
2018-12-05,3753.9948729999996,102.475555,0.034251
2018-12-06,3521.101807,91.761055,0.030798000000000002
2018-12-07,3419.937256,93.294563,0.029863999999999998
2018-12-08,3476.114746,92.159637,0.030677999999999997
2018-12-09,3614.234375,95.142059,0.031693
2018-12-10,3502.656006,91.685654,0.030202999999999997
2018-12-11,3424.588135,88.945305,0.029550999999999997
2018-12-12,3486.9501950000003,90.5933,0.030608999999999997
2018-12-13,3313.677246,86.539314,0.029189999999999997
2018-12-14,3242.4848629999997,84.308296,0.028357999999999998
2018-12-15,3236.761719,84.440811,0.028274
2018-12-16,3252.839111,85.2621,0.029102999999999997
2018-12-17,3545.864746,95.133827,0.032824
2018-12-18,3696.059082,101.11245699999999,0.034735
2018-12-19,3745.9506840000004,101.268578,0.034545
2018-12-20,4134.441406,116.21687299999999,0.039401
2018-12-21,3896.5437009999996,109.49623100000001,0.040796
2018-12-22,4014.1826170000004,116.759499,0.042009
2018-12-23,3998.980225,130.76525900000001,0.04423
2018-12-24,4078.599121,140.238007,0.045716
2018-12-25,3815.490723,129.844345,0.041511
2018-12-26,3857.297607,131.865631,0.041198
2018-12-27,3654.833496,116.57591200000002,0.036944
2018-12-28,3923.9187009999996,137.647018,0.041862
2018-12-29,3820.4086909999996,138.018341,0.041507999999999996
2018-12-30,3865.952637,139.859451,0.04328
2018-12-31,3742.700439,133.368256,0.041063
2019-01-01,3843.5200200000004,140.819412,0.042547
2019-01-02,3943.4094240000004,155.047684,0.045258
2019-01-03,3836.741211,149.13501000000002,0.042682
2019-01-04,3857.717529,154.58194,0.043812000000000004
2019-01-05,3845.19458,155.638596,0.044701
2019-01-06,4076.632568,157.746201,0.049261
2019-01-07,4025.2482909999994,151.699219,0.047996
2019-01-08,4030.8479,150.359634,0.048525
2019-01-09,4035.296387,150.803116,0.05216900000000001
2019-01-10,3678.924561,128.62518300000002,0.044529
2019-01-11,3687.365479,127.548325,0.044147000000000006
2019-01-12,3661.301025,125.96653,0.043704
2019-01-13,3552.953125,116.89780400000001,0.040241000000000006
2019-01-14,3706.052246,129.068726,0.044059
2019-01-15,3630.675293,122.032715,0.04281
2019-01-16,3655.006836,123.54706599999999,0.044777
2019-01-17,3678.563965,123.74192,0.045318000000000004
2019-01-18,3657.8393549999996,121.01026200000001,0.044316
2019-01-19,3728.5683590000003,124.51902,0.04575
2019-01-20,3601.013672,119.47483100000001,0.043476999999999995
2019-01-21,3576.032471,117.157852,0.042937
2019-01-22,3604.577148,118.747551,0.043578
2019-01-23,3585.123047,117.452606,0.0429
2019-01-24,3600.865479,117.362885,0.043026999999999996
2019-01-25,3599.765869,116.37834199999999,0.042691
2019-01-26,3602.460449,116.488739,0.042649
2019-01-27,3583.9658200000003,113.405289,0.041168
2019-01-28,3470.450439,106.589973,0.038772
2019-01-29,3448.116943,105.59821299999999,0.038251
2019-01-30,3486.1816409999997,108.90753899999999,0.039656
2019-01-31,3457.792725,107.061012,0.038374
2019-02-01,3487.945313,107.60978700000001,0.038678
2019-02-02,3521.0607909999994,110.43026,0.039317000000000005
2019-02-03,3464.013428,107.492668,0.038029
2019-02-04,3459.154053,107.821602,0.037857
2019-02-05,3466.357422,107.44351999999999,0.037896
2019-02-06,3413.767822,104.91928899999999,0.036663
2019-02-07,3399.4716799999997,104.535301,0.036396
2019-02-08,3666.780273,119.267746,0.040751
2019-02-09,3671.203613,119.430885,0.041058
2019-02-10,3690.188232,124.80648799999999,0.04283
2019-02-11,3648.430664,121.29839299999999,0.041733
2019-02-12,3653.528564,122.57228899999998,0.041750999999999996
2019-02-13,3632.070557,122.553604,0.041118
2019-02-14,3616.8808590000003,121.39020500000001,0.04054
2019-02-15,3620.8107909999994,122.100388,0.0406
2019-02-16,3629.787598,123.26021599999999,0.041026
2019-02-17,3673.836182,133.59887700000002,0.041451999999999996
2019-02-18,3915.7143549999996,146.098373,0.045605
2019-02-19,3947.094482,145.346191,0.046158
2019-02-20,3999.820557,149.554337,0.047550999999999996
2019-02-21,3954.118164,146.130844,0.044969
2019-02-22,4005.526611,149.092453,0.046163
2019-02-23,4142.526855,158.795425,0.048593
2019-02-24,3810.42749,135.852661,0.042456
2019-02-25,3882.696289,139.82286100000002,0.044043
2019-02-26,3854.35791,138.089676,0.043304
2019-02-27,3851.047363,136.12596100000002,0.043269999999999996
2019-02-28,3854.7854,136.74624599999999,0.043123
2019-03-01,3859.58374,136.44361899999998,0.043279000000000005
2019-03-02,3864.415039,134.206955,0.042838
2019-03-03,3847.1757810000004,132.24942,0.042312
2019-03-04,3761.557129,127.774124,0.040602
2019-03-05,3896.375,137.822388,0.043212
2019-03-06,3903.9426270000004,138.789352,0.042843
2019-03-07,3911.484375,138.0345,0.042944
2019-03-08,3901.131592,135.127075,0.042664
2019-03-09,3963.313721,137.96533200000002,0.046728
2019-03-10,3951.599854,136.758682,0.045698
2019-03-11,3905.227295,133.83403,0.047633
2019-03-12,3909.15625,134.44288600000002,0.047397
2019-03-13,3906.717285,133.263077,0.04659
2019-03-14,3924.3691409999997,133.711594,0.048055
2019-03-15,3960.9111329999996,137.691788,0.050076999999999997
2019-03-16,4048.72583,142.398178,0.051621
2019-03-17,4025.229004,140.000549,0.050207
2019-03-18,4032.507324,139.374603,0.050452
2019-03-19,4071.190186,140.519196,0.05259400000000001
2019-03-20,4087.476318,140.68635600000002,0.053890999999999994
2019-03-21,4029.326904,136.63606299999998,0.0529
2019-03-22,4023.968262,137.181442,0.058062
2019-03-23,4035.8264159999994,138.239868,0.06378099999999999
2019-03-24,4022.1682130000004,136.986923,0.061703999999999995
2019-03-25,3963.070557,135.031021,0.059025
2019-03-26,3985.080811,135.460358,0.06237
2019-03-27,4087.0661619999996,140.988159,0.067595
2019-03-28,4069.107178,139.416473,0.065828
2019-03-29,4098.374511999999,142.497421,0.071289
2019-03-30,4106.660156,142.092682,0.071739
2019-03-31,4105.404297,141.514099,0.069746
2019-04-01,4158.183105,141.830322,0.07232999999999999
2019-04-02,4879.87793,163.961746,0.085467
2019-04-03,4973.021973,161.458801,0.090723
2019-04-04,4922.798828,158.052536,0.08737
2019-04-05,5036.681152,165.514847,0.091226
2019-04-06,5059.817383,165.947205,0.090289
2019-04-07,5198.896973,174.531647,0.09048400000000001
2019-04-08,5289.770996,180.25882,0.087009
2019-04-09,5204.958496,176.114578,0.083749
2019-04-10,5324.551758,177.337479,0.089964
2019-04-11,5064.487793,165.497025,0.083385
2019-04-12,5089.539063,164.73632800000001,0.083463
2019-04-13,5096.586426,164.513351,0.083731
2019-04-14,5167.722168,167.838516,0.084643
2019-04-15,5067.108397999999,161.574173,0.082307
2019-04-16,5235.55957,167.623444,0.08378300000000001
2019-04-17,5251.937988000001,166.95076,0.083074
2019-04-18,5298.385742,173.814026,0.081775
2019-04-19,5303.8125,173.708435,0.0795
2019-04-20,5337.88623,173.751266,0.07650599999999999
2019-04-21,5314.53125,170.046524,0.07410599999999999
2019-04-22,5399.365234000001,171.874664,0.07804
2019-04-23,5572.362305,171.4478,0.074524
2019-04-24,5464.866699,165.826096,0.072645
2019-04-25,5210.515625,154.459396,0.069244
2019-04-26,5279.348145,156.347092,0.069219
2019-04-27,5268.291015999999,158.43493700000002,0.07019600000000001
2019-04-28,5285.13916,157.295074,0.068591
2019-04-29,5247.352539,155.201996,0.064631
2019-04-30,5350.726563,162.166031,0.070346
2019-05-01,5402.697265999999,160.818344,0.06901399999999999
2019-05-02,5505.283691,162.12278700000002,0.068579
2019-05-03,5768.289551,167.95240800000002,0.069858
2019-05-04,5831.16748,164.026581,0.06688
2019-05-05,5795.708496,163.450699,0.06614600000000001
2019-05-06,5746.807129,172.653214,0.06677999999999999
2019-05-07,5829.501465,169.79866,0.064036
2019-05-08,5982.45752,170.948166,0.064606
2019-05-09,6174.528809,170.289307,0.061690999999999996
2019-05-10,6378.849121,173.142746,0.063428
2019-05-11,7204.771484000001,194.304337,0.075171
2019-05-12,6972.371581999999,187.32531699999998,0.070086
2019-05-13,7814.915039,196.846283,0.073072
2019-05-14,7994.416015999999,217.148575,0.084505
2019-05-15,8205.167969,247.15306099999998,0.09395099999999999
2019-05-16,7884.90918,264.01001,0.088161
2019-05-17,7343.895508,243.764587,0.08326
2019-05-18,7271.208008,234.59523,0.079104
2019-05-19,8197.689453,261.292206,0.086996
2019-05-20,7978.309081999999,251.86441000000002,0.084848
2019-05-21,7963.327637,255.215881,0.084617
2019-05-22,7680.066406,244.698914,0.077955
2019-05-23,7881.84668,245.96566800000002,0.08069
2019-05-24,7987.371581999999,249.48498500000002,0.08086900000000001
2019-05-25,8052.543945,251.75987200000003,0.080502
2019-05-26,8673.21582,267.069641,0.086014
2019-05-27,8805.77832,272.86264,0.091695
2019-05-28,8719.961914,271.768707,0.092815
2019-05-29,8659.487305,269.455688,0.09086699999999999
2019-05-30,8319.472656,255.858948,0.08451
2019-05-31,8574.501953,268.113556,0.08944099999999999
2019-06-01,8564.016602,265.39126600000003,0.090533
2019-06-02,8742.958008,270.225525,0.096578
2019-06-03,8208.995117,252.607925,0.08870800000000001
2019-06-04,7707.770995999999,241.33879100000001,0.082486
2019-06-05,7824.231445,247.05101000000002,0.083438
2019-06-06,7822.023437999999,249.474335,0.083472
2019-06-07,8043.951172,250.93035899999998,0.08580700000000001
2019-06-08,7954.12793,245.738098,0.084213
2019-06-09,7688.077148,233.0867,0.07947
2019-06-10,8000.32959,247.52012599999998,0.085537
2019-06-11,7927.714355,245.78182999999999,0.087965
2019-06-12,8145.857422,260.90328999999997,0.096525
2019-06-13,8230.923828,256.168793,0.089739
2019-06-14,8693.833008,264.087463,0.090619
2019-06-15,8838.375,269.019318,0.091683
2019-06-16,8994.488281,269.223206,0.092321
2019-06-17,9320.352539,274.35110499999996,0.093557
2019-06-18,9081.762695,265.051849,0.089148
2019-06-19,9273.521484,269.431793,0.08997899999999999
2019-06-20,9527.160156,271.695007,0.087385
2019-06-21,10144.556641,294.910278,0.089562
2019-06-22,10701.691406,309.38031,0.09436699999999999
2019-06-23,10855.371094,307.827789,0.09664400000000001
2019-06-24,11011.102539,310.424683,0.097719
2019-06-25,11790.916992,318.126312,0.096357
2019-06-26,13016.231445,336.753174,0.09682
2019-06-27,11182.806641,294.26763900000003,0.086449
2019-06-28,12407.332031,311.22610499999996,0.089295
2019-06-29,11959.371094,320.058899,0.090422
2019-06-30,10817.155273,290.695984,0.082098
2019-07-01,10583.134766,293.64111299999996,0.08382200000000001
2019-07-02,10801.677734,291.596436,0.081077
2019-07-03,11961.269531,303.09997599999997,0.082998
2019-07-04,11215.4375,284.523224,0.077774
2019-07-05,10978.459961,287.997528,0.076532
2019-07-06,11208.550781,287.547119,0.077335
2019-07-07,11450.84668,305.700562,0.079964
2019-07-08,12285.958008,313.251404,0.080476
2019-07-09,12573.8125,308.881012,0.07799299999999999
2019-07-10,12156.512695,290.002319,0.07194
2019-07-11,11358.662109,268.704041,0.06519900000000001
2019-07-12,11815.986328,276.276703,0.069754
2019-07-13,11392.378906,269.458801,0.06677000000000001
2019-07-14,10256.058594,227.578064,0.059428999999999996
2019-07-15,10895.089844,229.77600099999998,0.059537
2019-07-16,9477.641602,199.188675,0.052052
2019-07-17,9693.802734,211.48497000000003,0.055238999999999996
2019-07-18,10666.482422,226.56616200000002,0.058772000000000005
2019-07-19,10530.732422,221.33342000000002,0.059787
2019-07-20,10767.139648,229.119217,0.062958
2019-07-21,10599.105469,225.63076800000002,0.061203
2019-07-22,10343.106445,217.560013,0.059466
2019-07-23,9900.767578,212.728516,0.055812
2019-07-24,9811.925781,217.046371,0.059046
2019-07-25,9911.841797,219.617996,0.058664
2019-07-26,9870.303711,219.62960800000002,0.06288400000000001
2019-07-27,9477.677734,207.40831,0.059871
2019-07-28,9552.860352,211.186554,0.059474
2019-07-29,9519.145508,211.26805099999999,0.060392999999999995
2019-07-30,9607.423828,210.522598,0.059944000000000004
2019-07-31,10085.62793,218.654144,0.060152
2019-08-01,10399.668945,217.80844100000002,0.058872
2019-08-02,10518.174805,217.871567,0.057412
2019-08-03,10821.726563,222.490341,0.057763
2019-08-04,10970.18457,222.66972400000003,0.056271
2019-08-05,11805.65332,234.215027,0.056679999999999994
2019-08-06,11478.168945,226.02064500000003,0.05336900000000001
2019-08-07,11941.96875,226.391006,0.051905999999999994
2019-08-08,11966.407227,220.941864,0.05197
2019-08-09,11862.936523,210.48890699999998,0.047641
2019-08-10,11354.024414,206.73353600000002,0.05198099999999999
2019-08-11,11523.579102,216.092865,0.054980999999999995
2019-08-12,11382.616211,211.288071,0.052938
2019-08-13,10895.830078,208.709045,0.052561000000000004
2019-08-14,10051.704102,186.607742,0.047
2019-08-15,10311.545898,188.50206,0.047519
2019-08-16,10374.338867,185.440079,0.046841
2019-08-17,10231.744141,185.68768300000002,0.047393
2019-08-18,10345.810547,194.49353,0.050731
2019-08-19,10916.053711,203.091934,0.050298
2019-08-20,10763.232422,196.56541399999998,0.049194999999999996
2019-08-21,10138.049805,186.89163200000002,0.047113
2019-08-22,10131.055664,191.33291599999998,0.04941
2019-08-23,10407.964844,194.706207,0.04979
2019-08-24,10159.960938,191.28956599999998,0.050177
2019-08-25,10138.517578,186.842392,0.049439
2019-08-26,10370.820313,188.929382,0.049697000000000005
2019-08-27,10185.5,187.516663,0.049839
2019-08-28,9754.422852,173.889969,0.045825
2019-08-29,9510.200195,169.516739,0.044697
2019-08-30,9598.173828,168.834869,0.044825
2019-08-31,9630.664063,172.469788,0.044989999999999995
2019-09-01,9757.970703,171.629425,0.044543
2019-09-02,10346.760742,178.347351,0.045362
2019-09-03,10623.540039,179.49932900000002,0.046771
2019-09-04,10594.493164,175.992889,0.045517
2019-09-05,10575.533203,174.21713300000002,0.044437
2019-09-06,10353.302734,169.956177,0.044414999999999996
2019-09-07,10517.254883,178.262619,0.046198
2019-09-08,10441.276367,181.35553000000002,0.046719
2019-09-09,10334.974609,181.14946,0.046931
2019-09-10,10115.975586,179.78717,0.04651
2019-09-11,10178.37207,178.725494,0.044989999999999995
2019-09-12,10410.126953,181.016098,0.045452
2019-09-13,10360.546875,181.109726,0.045752999999999995
2019-09-14,10358.048828,188.105515,0.046524
2019-09-15,10347.712891,189.789124,0.046799
2019-09-16,10276.793945,197.113174,0.047070999999999995
2019-09-17,10241.272461,208.608749,0.049007999999999996
2019-09-18,10198.248047,211.393036,0.053292
2019-09-19,10266.415039,221.28085299999998,0.052503999999999995
2019-09-20,10181.641602,218.05004900000003,0.05234
2019-09-21,10019.716797,215.51620499999999,0.051922
2019-09-22,10070.392578,211.54538,0.049111
2019-09-23,9729.324219,201.92131,0.046264
2019-09-24,8620.566406,168.110733,0.037573
2019-09-25,8486.993164,170.8927,0.039396
2019-09-26,8118.967773,166.727127,0.038229
2019-09-27,8251.845703,174.710999,0.039532
2019-09-28,8245.915039,174.572891,0.038827
2019-09-29,8104.185547,170.503479,0.037486
2019-09-30,8293.868164,179.872208,0.038885
2019-10-01,8343.276367,177.340424,0.038507
2019-10-02,8393.041992,180.71051,0.039445
2019-10-03,8259.992188,175.199341,0.038361
2019-10-04,8205.939453,176.985001,0.039667
2019-10-05,8151.500488,176.351517,0.03973
2019-10-06,7988.155762,173.059143,0.039324
2019-10-07,8245.623047,181.18634,0.041672
2019-10-08,8228.783203,182.02156100000002,0.041441000000000006
2019-10-09,8595.740234,193.293259,0.042629
2019-10-10,8586.473633,191.65966799999998,0.041661000000000004
2019-10-11,8321.756836,182.56968700000002,0.040623
2019-10-12,8336.555664,180.82664499999998,0.040542
2019-10-13,8321.005859,182.07515,0.041325
2019-10-14,8374.686523,186.96090700000002,0.041789
2019-10-15,8205.369141,181.40606699999998,0.039766
2019-10-16,8047.526855,176.013504,0.038741000000000005
2019-10-17,8103.911133,178.02835100000001,0.039524000000000004
2019-10-18,7973.20752,173.62133799999998,0.038073
2019-10-19,7988.560547,172.913025,0.039225
2019-10-20,8222.078125,175.534378,0.039529
2019-10-21,8243.720703,174.92099,0.03928
2019-10-22,8078.203125,172.300858,0.038816
2019-10-23,7514.671875,162.40278600000002,0.036409
2019-10-24,7493.48877,162.168549,0.037685
2019-10-25,8660.700195,181.523209,0.041246
2019-10-26,9244.972656,179.83548000000002,0.040547
2019-10-27,9551.714844,184.24221799999998,0.042335000000000005
2019-10-28,9256.148438,182.662811,0.042363
2019-10-29,9427.6875,190.342575,0.043443999999999997
2019-10-30,9205.726563,184.692169,0.041967000000000004
2019-10-31,9199.584961,183.966919,0.041636
2019-11-01,9261.104492,183.96989399999998,0.042345
2019-11-02,9324.717773,183.92571999999998,0.042599
2019-11-03,9235.354492,182.425018,0.04193
2019-11-04,9412.612305,186.35519399999998,0.043236000000000004
2019-11-05,9342.527344,189.304169,0.044328
2019-11-06,9360.879883,191.593842,0.044956
2019-11-07,9267.561523,187.976547,0.043637
2019-11-08,8804.880859,184.211472,0.042297
2019-11-09,8813.582031,185.028717,0.042445
2019-11-10,9055.526367,189.47728,0.043958
2019-11-11,8757.788086,185.48963899999998,0.043194
2019-11-12,8815.662109,186.843414,0.043767
2019-11-13,8808.262695,188.25874299999998,0.043492
2019-11-14,8708.094727,185.99963400000001,0.043119
2019-11-15,8491.992188,180.52117900000002,0.043974
2019-11-16,8550.760742,183.34835800000002,0.044172
2019-11-17,8577.975586,185.119232,0.045420999999999996
2019-11-18,8309.286133,180.55960100000001,0.043802
2019-11-19,8206.145508,177.455551,0.042542
2019-11-20,8027.268066,175.698349,0.041178
2019-11-21,7642.75,161.462723,0.038406
2019-11-22,7296.577637,150.268173,0.037148
2019-11-23,7397.796875,153.417786,0.038343
2019-11-24,7047.916992,142.834702,0.035588
2019-11-25,7146.133789,146.47653200000002,0.036048000000000004
2019-11-26,7218.371094,148.965073,0.036993
2019-11-27,7531.663573999999,153.010559,0.039049
2019-11-28,7463.105956999999,151.717575,0.039189999999999996
2019-11-29,7761.243651999999,155.304153,0.041423
2019-11-30,7569.629883,152.53968799999998,0.040425
2019-12-01,7424.29248,151.18573,0.039587
2019-12-02,7321.988281,149.059158,0.038056
2019-12-03,7320.145508,147.956421,0.037917
2019-12-04,7252.034668000001,146.747742,0.037405
2019-12-05,7448.307617,149.24899299999998,0.037870999999999995
2019-12-06,7546.996581999999,149.194443,0.038317000000000004
2019-12-07,7556.237793000001,148.768158,0.038757
2019-12-08,7564.345215,151.264725,0.038948
2019-12-09,7400.899414,148.225174,0.037482999999999995
2019-12-10,7278.119629000001,146.267044,0.036606
2019-12-11,7217.427245999999,143.608002,0.036655
2019-12-12,7243.134276999999,145.604004,0.036723
2019-12-13,7269.68457,144.944748,0.037107999999999995
2019-12-14,7124.673828,142.869232,0.036427
2019-12-15,7152.301758,143.11498999999998,0.036653
2019-12-16,6932.480469,133.61402900000002,0.034269
2019-12-17,6640.515136999999,122.603889,0.0318
2019-12-18,7276.802734000001,133.092194,0.034462
2019-12-19,7202.844238,129.32113600000002,0.033250999999999996
2019-12-20,7218.816406,129.066055,0.034004
2019-12-21,7191.158691,128.130951,0.033262
2019-12-22,7511.588867,132.372513,0.034466000000000004
2019-12-23,7355.628418000001,128.61409,0.0332
2019-12-24,7322.532227,129.063889,0.034162
2019-12-25,7275.155762,126.45463600000001,0.033727999999999994
2019-12-26,7238.966797,126.361221,0.034281
2019-12-27,7290.088379000001,127.214607,0.0331
2019-12-28,7317.990234000001,128.322708,0.033632
2019-12-29,7422.652831999999,134.75798,0.034283999999999995
2019-12-30,7292.995117,132.633484,0.033594
2019-12-31,7193.599120999999,129.61085500000002,0.032845
2020-01-01,7200.174316,130.80200200000002,0.033458
2020-01-02,6985.470215,127.410179,0.032751
2020-01-03,7344.884276999999,134.171707,0.03418
2020-01-04,7410.656738,135.069366,0.034595
2020-01-05,7411.317383,136.276779,0.034720999999999995
2020-01-06,7769.219238,144.304153,0.037272
2020-01-07,8163.692383,143.543991,0.037047000000000004
2020-01-08,8079.862793000001,141.25813300000002,0.036435
2020-01-09,7879.071289,138.97920200000002,0.036358999999999995
2020-01-10,8166.554198999999,143.963776,0.036874000000000004
2020-01-11,8037.537598000001,142.927109,0.036825
2020-01-12,8192.494141,145.873932,0.037689999999999994
2020-01-13,8144.194336,144.22659299999998,0.036966000000000006
2020-01-14,8827.764648,165.955353,0.04166
2020-01-15,8807.010742,166.230682,0.042553
2020-01-16,8723.786133,164.391006,0.041391000000000004
2020-01-17,8929.038086,170.779953,0.044978
2020-01-18,8942.808594,175.365677,0.044851
2020-01-19,8706.245117,166.969849,0.041979
2020-01-20,8657.642578,167.120514,0.043873
2020-01-21,8745.894531,169.697159,0.045989
2020-01-22,8680.875977,168.294159,0.045654
2020-01-23,8406.515625,162.928558,0.043334
2020-01-24,8445.43457,163.051178,0.045004
2020-01-25,8367.847656,161.283936,0.043248
2020-01-26,8596.830078,168.077103,0.044581
2020-01-27,8909.819336,170.930893,0.047912
2020-01-28,9358.589844,176.370316,0.05285700000000001
2020-01-29,9316.629883,175.05033899999998,0.053514
2020-01-30,9508.993164,184.690475,0.05607
2020-01-31,9350.529297,180.160172,0.053792999999999994
2020-02-01,9392.875,183.67395,0.056091999999999996
2020-02-02,9344.365234,188.617538,0.055768
2020-02-03,9293.521484,189.86506699999998,0.056978999999999995
2020-02-04,9180.962891,189.250595,0.055996000000000004
2020-02-05,9613.423828,204.23023999999998,0.05923099999999999
2020-02-06,9729.801758,212.339081,0.059757000000000005
2020-02-07,9795.943359,222.726059,0.059789999999999996
2020-02-08,9865.119141,223.146515,0.059944000000000004
2020-02-09,10116.673828,228.57856800000002,0.061809
2020-02-10,9856.611328,223.52270499999997,0.060394
2020-02-11,10208.236328,235.851196,0.06322799999999999
2020-02-12,10326.054688,265.40612799999997,0.068373
2020-02-13,10214.379883,268.099243,0.06858099999999999
2020-02-14,10312.116211,284.21749900000003,0.07057999999999999
2020-02-15,9889.424805,264.72857700000003,0.063863
2020-02-16,9934.433594,259.894714,0.062654
2020-02-17,9690.142578,266.363434,0.060042
2020-02-18,10141.996094,281.94458,0.062597
2020-02-19,9633.386719,259.763977,0.057645
2020-02-20,9608.475586,257.949463,0.05826
2020-02-21,9686.441406,265.600616,0.05864
2020-02-22,9663.181641,262.331726,0.058336
2020-02-23,9924.515625,273.75415,0.06151
2020-02-24,9650.174805,265.216431,0.058960000000000005
2020-02-25,9341.705078,247.817596,0.056364
2020-02-26,8820.522461,225.680267,0.049453
2020-02-27,8784.494141,226.753387,0.049685
2020-02-28,8672.455078,226.76049799999998,0.048616
2020-02-29,8599.508789,219.84851099999997,0.047541
2020-03-01,8562.454102,218.970596,0.045932
2020-03-02,8869.669922,230.56977799999999,0.048952999999999997
2020-03-03,8787.786133,224.47963,0.048761
2020-03-04,8755.246094,224.517975,0.049004
2020-03-05,9078.762695,229.26818799999998,0.051057
2020-03-06,9122.545898,243.52529900000002,0.051448
2020-03-07,8909.954102,237.85308799999999,0.048944999999999995
2020-03-08,8108.116211,200.689056,0.043291
2020-03-09,7923.644531,201.98632800000001,0.041482
2020-03-10,7909.729492,200.76724199999998,0.041495
2020-03-11,7911.430176000001,194.86853,0.039649000000000004
2020-03-12,4970.788086,112.347122,0.023961
2020-03-13,5563.707031,133.201813,0.028437
2020-03-14,5200.366211,123.306023,0.026008999999999997
2020-03-15,5392.314941,125.214302,0.02712
2020-03-16,5014.47998,110.605873,0.024121
2020-03-17,5225.629395,113.94274899999999,0.025243
2020-03-18,5238.438477000001,114.84227,0.025336
2020-03-19,6191.192871,136.593857,0.030451
2020-03-20,6198.77832,132.737167,0.029368000000000002
2020-03-21,6185.066406,132.81871,0.029414
2020-03-22,5830.254883,123.321152,0.027089
2020-03-23,6416.314941,134.911606,0.029082
2020-03-24,6734.803711,138.76144399999998,0.030163
2020-03-25,6681.062988000001,136.195892,0.029438
2020-03-26,6716.44043,138.361557,0.030726999999999997
2020-03-27,6469.79834,133.937943,0.029301
2020-03-28,6242.193848,130.986496,0.029771
2020-03-29,5922.042969,125.58373300000001,0.028249
2020-03-30,6429.841797,132.904541,0.029873
2020-03-31,6438.644531,133.59356699999998,0.030552999999999997
2020-04-01,6606.776367,135.634552,0.030855
2020-04-02,6793.624512,142.029144,0.031984
2020-04-03,6733.387206999999,142.091309,0.032295
2020-04-04,6867.527344,145.219391,0.032505
2020-04-05,6791.129395,143.546646,0.032003
2020-04-06,7271.78125,169.13588000000001,0.035616
2020-04-07,7176.414551000001,165.101944,0.035137
2020-04-08,7334.098633,172.641739,0.036314
2020-04-09,7302.089355,170.807144,0.036198
2020-04-10,6865.493164,158.412445,0.033214999999999995
2020-04-11,6859.083008,158.216019,0.033354
2020-04-12,6971.091797,161.142426,0.033806
2020-04-13,6845.037598000001,156.279556,0.033107
2020-04-14,6842.427734000001,157.59638999999999,0.032974
2020-04-15,6642.109863000001,153.28689599999998,0.031863
2020-04-16,7116.804198999999,172.157379,0.034408
2020-04-17,7116.804198999999,172.157379,0.034408
2020-04-18,7257.665039,186.914001,0.036552999999999995
2020-04-19,7189.424805,181.61496,0.035816
2020-04-20,6881.958495999999,172.29716499999998,0.034177
2020-04-21,6880.323242,172.737701,0.0347
2020-04-22,7117.20752,182.599579,0.036558999999999994
2020-04-23,7429.724609000001,185.028671,0.040605
2020-04-24,7550.900879000001,189.23693799999998,0.041868
2020-04-25,7569.936035,195.515305,0.042408
2020-04-26,7679.867187999999,197.31753500000002,0.045879
2020-04-27,7795.601073999999,197.224716,0.046601
2020-04-28,7807.058594,198.41539,0.047195
2020-04-29,8801.038086,216.968231,0.051695000000000005
2020-04-30,8658.553711,207.602051,0.047846
2020-05-01,8864.766602,214.21910099999997,0.05126
2020-05-02,8988.59668,215.32537799999997,0.051014
2020-05-03,8897.46875,210.93315099999998,0.048929
2020-05-04,8912.654297,208.174011,0.049664
2020-05-05,9003.070313,206.774399,0.049358
2020-05-06,9268.761719,204.055786,0.049767
2020-05-07,9951.518555,212.289413,0.051106
2020-05-08,9842.666016,212.991577,0.052302999999999995
2020-05-09,9593.896484,211.60012799999998,0.051736000000000004
2020-05-10,8756.430664,188.599564,0.047677
2020-05-11,8601.795898,185.91284199999998,0.048108
2020-05-12,8804.477539,189.3125,0.050421
2020-05-13,9269.987305,199.193283,0.051472000000000004
2020-05-14,9733.72168,202.949097,0.05089
2020-05-15,9328.197266,195.62266499999998,0.050463
2020-05-16,9377.013672,200.677124,0.050932
2020-05-17,9670.739258,207.158691,0.05134299999999999
2020-05-18,9726.575195,214.52505499999998,0.054252
2020-05-19,9729.038086,213.451111,0.056449
2020-05-20,9522.981445,210.096741,0.056875
2020-05-21,9081.761719,199.88360600000001,0.052246
2020-05-22,9182.577148,207.169189,0.055833
2020-05-23,9209.287109,208.694397,0.055322
2020-05-24,8790.368164,202.37034599999998,0.05264099999999999
2020-05-25,8906.93457,205.319748,0.054011
2020-05-26,8835.052734,201.902313,0.05343
2020-05-27,9181.017578,208.863434,0.055183
2020-05-28,9525.750977,219.840424,0.064559
2020-05-29,9439.124023,220.675125,0.06466000000000001
2020-05-30,9700.414063,242.345596,0.076958
2020-05-31,9461.058594,230.975708,0.074352
2020-06-01,10167.268555,246.99176,0.08116799999999999
2020-06-02,9529.803711,237.21905499999997,0.078456
2020-06-03,9656.717773,244.179321,0.085439
2020-06-04,9800.636719,244.426392,0.089
2020-06-05,9665.533203,241.22198500000002,0.08544199999999999
2020-06-06,9653.679688,241.93132000000003,0.086026
2020-06-07,9758.852539,245.167252,0.086654
2020-06-08,9771.489258,246.309906,0.08642999999999999
2020-06-09,9795.700195,244.91145299999997,0.08340700000000001
2020-06-10,9870.094727,247.444946,0.083531
2020-06-11,9321.78125,231.702667,0.07536
2020-06-12,9480.84375,237.49321,0.079554
2020-06-13,9475.277344,238.908844,0.079028
2020-06-14,9386.788086,234.1147,0.076748
2020-06-15,9450.702148,229.92890899999998,0.078387
2020-06-16,9538.024414,234.41616800000003,0.079073
2020-06-17,9480.254883,233.028275,0.083445
2020-06-18,9411.84082,232.101166,0.082174
2020-06-19,9288.018555,227.13828999999998,0.079603
2020-06-20,9332.34082,229.274261,0.07933899999999999
2020-06-21,9303.629883,228.98982200000003,0.078475
2020-06-22,9648.717773,242.533188,0.08361
2020-06-23,9629.658203,244.14215099999998,0.08295
2020-06-24,9313.610352,235.772461,0.082583
2020-06-25,9264.813477,232.944489,0.081691
2020-06-26,9162.917969,229.668045,0.08056100000000001
2020-06-27,9045.390625,222.95979300000002,0.077679
2020-06-28,9143.582031,225.347168,0.08039199999999999
2020-06-29,9190.854492,228.19487,0.08387
2020-06-30,9137.993164,226.315002,0.083116
2020-07-01,9228.325195,231.113419,0.095954
2020-07-02,9123.410156,229.392197,0.094326
2020-07-03,9087.303711,225.38707000000002,0.096538
2020-07-04,9132.488281,229.074112,0.099952
2020-07-05,9073.942383,227.66459700000001,0.098211
2020-07-06,9375.474609,241.510223,0.10522100000000001
2020-07-07,9252.277344,239.075531,0.11755399999999999
2020-07-08,9428.333008,246.67001299999998,0.129908
2020-07-09,9277.967773,243.01596099999998,0.124293
2020-07-10,9278.807617,240.98498500000002,0.118316
2020-07-11,9240.34668,239.45817599999998,0.12521400000000002
2020-07-12,9276.5,242.13169900000003,0.12678299999999998
2020-07-13,9243.614258,239.604584,0.12415599999999999
2020-07-14,9243.213867,240.211487,0.13196300000000002
2020-07-15,9192.836914,238.423523,0.130369
2020-07-16,9132.227539,233.64088399999997,0.125922
2020-07-17,9151.392578,232.773087,0.12248599999999998
2020-07-18,9159.040039,235.48381,0.122477
2020-07-19,9185.817383,238.48751800000002,0.12371199999999999
2020-07-20,9164.231445,236.15316800000002,0.117924
2020-07-21,9374.887695,245.016724,0.122965
2020-07-22,9525.363281,262.190643,0.123922
2020-07-23,9581.072266,274.689056,0.12377300000000001
2020-07-24,9536.892578,279.21542400000004,0.12188800000000001
2020-07-25,9677.113281,304.056763,0.14357799999999998
2020-07-26,9905.166992,309.643616,0.148108
2020-07-27,10990.873047,321.51409900000004,0.138771
2020-07-28,10912.823242,316.65725699999996,0.148598
2020-07-29,11100.467773,318.19088700000003,0.139879
2020-07-30,11111.213867,334.586639,0.14058800000000002
2020-07-31,11323.466797,345.55465699999996,0.138798
2020-08-01,11759.592773,385.199707,0.143573
2020-08-02,11053.614258,370.67172200000005,0.13350499999999998
2020-08-03,11246.348633,386.295166,0.13733499999999998
2020-08-04,11205.892578,389.87548799999996,0.143018
2020-08-05,11747.022461,401.590576,0.14269500000000002
2020-08-06,11779.773438,394.961945,0.144048
2020-08-07,11601.472656,379.512848,0.139155
2020-08-08,11754.045898,393.987366,0.145781
2020-08-09,11675.739258,391.120453,0.145244
2020-08-10,11878.111328,395.887573,0.14385499999999998
2020-08-11,11410.525391,380.384064,0.137436
2020-08-12,11584.93457,391.02417,0.137398
2020-08-13,11784.137695,428.74179100000003,0.141245
2020-08-14,11768.871094,437.39782699999995,0.13833800000000002
2020-08-15,11865.698242,433.35491900000005,0.138303
2020-08-16,11892.803711,433.78662099999997,0.138471
2020-08-17,12254.402344,429.53125,0.14092000000000002
2020-08-18,11991.233398,423.669312,0.137427
2020-08-19,11758.283203,406.463776,0.129275
2020-08-20,11878.37207,416.439789,0.133642
2020-08-21,11592.489258,389.126343,0.12376
2020-08-22,11681.825195,395.835144,0.125276
2020-08-23,11664.847656,391.384491,0.12159500000000001
2020-08-24,11774.595703,408.144196,0.12448800000000002
2020-08-25,11366.134766,384.001038,0.113292
2020-08-26,11488.363281,386.466125,0.11528499999999998
2020-08-27,11323.397461,382.632629,0.106824
2020-08-28,11542.5,395.874664,0.109453
2020-08-29,11506.865234,399.921478,0.11671199999999998
2020-08-30,11711.505859,428.395721,0.11743699999999999
2020-08-31,11680.820313,435.079742,0.122688
2020-09-01,11970.478516,477.05190999999996,0.125411
2020-09-02,11414.03418,440.04049699999996,0.11561300000000001
2020-09-03,10245.296875,385.67193599999996,0.09615399999999999
2020-09-04,10511.813477,388.24115,0.10244500000000001
2020-09-05,10169.567383,335.260071,0.089923
2020-09-06,10280.351563,353.362274,0.09306
2020-09-07,10369.563477,352.673492,0.093333
2020-09-08,10131.516602,337.60211200000003,0.091011
2020-09-09,10242.347656,351.11001600000003,0.093349
2020-09-10,10363.138672,368.101898,0.09715599999999999
2020-09-11,10400.915039,374.695587,0.09698899999999999
2020-09-12,10442.170898,387.18310499999995,0.097598
2020-09-13,10323.755859,365.570007,0.094856
2020-09-14,10680.837891,377.26886,0.09676900000000001
2020-09-15,10796.951172,364.839203,0.09349600000000001
2020-09-16,10974.905273,365.812286,0.09165
2020-09-17,10948.990234,389.019226,0.094217
2020-09-18,10944.585938,384.364532,0.091081
2020-09-19,11094.34668,385.544373,0.091657
2020-09-20,10938.271484,371.052826,0.089433
2020-09-21,10462.259766,341.78607200000005,0.080428
2020-09-22,10538.459961,344.503174,0.081754
2020-09-23,10225.864258,320.58554100000003,0.07683
2020-09-24,10745.548828,349.356659,0.08289500000000001
2020-09-25,10702.290039,352.161865,0.09690900000000001
2020-09-26,10754.4375,354.965271,0.09555
2020-09-27,10774.426758,357.321686,0.10120599999999999
2020-09-28,10721.327148,354.9505,0.10069600000000001
2020-09-29,10848.830078,359.963409,0.101136
2020-09-30,10787.618164,360.02236899999997,0.101146
2020-10-01,10623.330078,353.231293,0.09787799999999999
2020-10-02,10585.164063,346.532654,0.092913
2020-10-03,10565.493164,347.321594,0.093684
2020-10-04,10684.428711,353.121918,0.096301
2020-10-05,10804.000977,354.2771,0.097687
2020-10-06,10621.664063,341.02114900000004,0.092909
2020-10-07,10679.136719,342.119781,0.093936
2020-10-08,10923.62793,351.455658,0.096242
2020-10-09,10923.62793,351.455658,0.096242
2020-10-10,11296.361328,370.96759,0.105025
2020-10-11,11384.181641,375.14205899999996,0.10653800000000001
2020-10-12,11384.181641,375.14205899999996,0.10653800000000001
2020-10-13,11384.181641,375.14205899999996,0.10653800000000001
2020-10-14,11429.506836,379.484039,0.107297
2020-10-15,11495.349609,377.44183300000003,0.106635
2020-10-16,11322.123047,366.22900400000003,0.104064
2020-10-17,11358.101563,368.855927,0.10610399999999999
2020-10-18,11483.359375,378.213684,0.10738800000000001
2020-10-19,11742.037109,379.935608,0.108677
2020-10-20,11916.334961,369.136902,0.102494
2020-10-21,12823.689453,392.189972,0.10618699999999999
2020-10-22,12965.891602,413.77297999999996,0.110572
2020-10-23,12931.539063,409.76669300000003,0.108083
2020-10-24,13108.0625,412.457611,0.108075
2020-10-25,13031.173828,406.217773,0.106351
2020-10-26,13075.248047,393.888306,0.10309700000000001
2020-10-27,13654.21875,403.99703999999997,0.102827
2020-10-28,13271.285156,388.650757,0.098977
2020-10-29,13437.882813,386.730103,0.095376
2020-10-30,13546.522461000002,382.819977,0.09336900000000001
2020-10-31,13780.995116999999,386.590332,0.093056
2020-11-01,13737.109375,396.358185,0.098197
2020-11-02,13550.489258000001,383.15673799999996,0.09214299999999999
2020-11-03,13950.300781,387.602173,0.093434
2020-11-04,14133.707031,402.141998,0.09536900000000001
2020-11-05,15579.848633000001,414.067352,0.09699400000000001
2020-11-06,15565.880859,454.71929900000003,0.109105
2020-11-07,14833.753906,435.71313499999997,0.101379
2020-11-08,15479.567383000001,453.554779,0.10662100000000001
2020-11-09,15332.31543,444.163055,0.105325
2020-11-10,15290.902344,449.679626,0.105805
2020-11-11,15701.339844,462.96054100000003,0.105965
2020-11-12,16276.34375,461.00527999999997,0.104525
2020-11-13,16317.808594,474.62643399999996,0.10639100000000001
2020-11-14,16068.138672,460.14984100000004,0.104202
2020-11-15,15955.587891,447.55908200000005,0.100531
2020-11-16,16716.111328,459.940308,0.10400799999999999
2020-11-17,17645.40625,480.36007699999993,0.1096
2020-11-18,17804.005859,479.48407000000003,0.106403
2020-11-19,17817.089844,471.63043200000004,0.105866
2020-11-20,18621.314453,509.74456799999996,0.118226
2020-11-21,18642.232422,549.486633,0.132945
2020-11-22,18370.001953,558.068115,0.14476
2020-11-23,18364.121094,608.454041,0.15350999999999998
2020-11-24,19107.464844,603.897766,0.166323
2020-11-25,18732.121094,570.686646,0.155162
2020-11-26,17150.623047,518.801147,0.138281
2020-11-27,17108.402344,517.493713,0.141028
2020-11-28,17717.414063,538.229797,0.16479100000000002
2020-11-29,18177.484375,575.758057,0.166639
2020-11-30,19625.835938,614.842529,0.171308
2020-12-01,18802.998047,587.324158,0.15598299999999998
2020-12-02,19201.091797,598.352356,0.158557
2020-12-03,19445.398438,616.70874,0.164212
2020-12-04,18699.765625,569.354187,0.148241
2020-12-05,19154.230469,596.595459,0.159668
2020-12-06,19345.121094,601.908997,0.158867
2020-12-07,19191.630859,591.843384,0.15413
2020-12-08,18321.144531,554.827759,0.140928
2020-12-09,18553.916016,573.479126,0.14816500000000002
2020-12-10,18264.992188,559.678528,0.141994
2020-12-11,18058.904297,545.797363,0.139449
2020-12-12,18803.65625,568.567322,0.14445999999999998
2020-12-13,19142.382813,589.663208,0.15396400000000002
2020-12-14,19246.644531,586.011169,0.157992
2020-12-15,19417.076172,589.355591,0.154305
2020-12-16,21310.597656,636.181824,0.16758900000000002
2020-12-17,22805.162109,642.868958,0.163483
2020-12-18,23137.960938,654.811951,0.16498800000000002
2020-12-19,23869.832031,659.297913,0.164714
2020-12-20,23477.294922,638.290833,0.16198800000000002
2020-12-21,22803.082031,609.817871,0.152656
2020-12-22,23783.029297,634.854187,0.15617899999999998
2020-12-23,23241.345703,583.7146,0.13639400000000002
2020-12-24,23735.949219,611.607178,0.152883
2020-12-25,24664.791016,626.410706,0.157564
2020-12-26,26437.037109,635.835815,0.157824
2020-12-27,26272.294922,682.642334,0.154422
2020-12-28,27084.808594,730.397339,0.176735
2020-12-29,27362.4375,731.520142,0.192164
2020-12-30,28840.953125,751.618958,0.18404
2020-12-31,29001.720702999995,737.803406,0.181397
2021-01-01,29374.152344,730.367554,0.17535
2021-01-02,32127.267577999995,774.534973,0.177423
2021-01-03,32782.023438,975.50769,0.20499499999999998
2021-01-04,31971.914063,1040.233032,0.224762
2021-01-05,33992.429688,1100.0061039999998,0.258314
2021-01-06,36824.363281,1207.112183,0.331898
2021-01-07,39371.042969,1225.678101,0.29998
2021-01-08,40797.609375,1224.197144,0.305597
2021-01-09,40254.546875,1281.077271,0.332973
2021-01-10,38356.441406,1262.246704,0.30489499999999997
2021-01-11,35566.65625,1090.145386,0.275466
2021-01-12,33922.960938,1043.43457,0.287003
2021-01-13,37316.359375,1130.73938,0.313609
2021-01-14,39187.328125,1218.4530029999999,0.310396
2021-01-15,36825.367188,1171.834595,0.30253
2021-01-16,36178.140625,1233.5375980000001,0.352444
2021-01-17,35791.277344,1230.172241,0.379852
2021-01-18,36630.074219,1257.279541,0.37142800000000004
2021-01-19,36069.804688,1377.295898,0.369137
2021-01-20,35547.75,1382.274048,0.375394
2021-01-21,30825.699219,1121.570923,0.310209
2021-01-22,33005.761719,1236.512207,0.34957699999999997
2021-01-23,32067.642577999995,1230.990601,0.345643
2021-01-24,32289.378906,1391.609375,0.353881
2021-01-25,32366.392577999995,1324.414795,0.343886
2021-01-26,32569.849608999997,1357.058105,0.34423400000000004
2021-01-27,30432.546875,1253.187134,0.31308
2021-01-28,31649.605469,1298.101807,0.333303
2021-01-29,34316.386719,1382.522827,0.34813099999999997
2021-01-30,34269.523438,1376.1154789999998,0.362619
2021-01-31,33114.359375,1314.986206,0.344898
2021-02-01,33537.175781,1369.0405269999999,0.402033
2021-02-02,35510.289063,1515.193726,0.42624700000000004
2021-02-03,37472.089844,1660.909546,0.4414
2021-02-04,36926.066406,1594.762695,0.441051
2021-02-05,38144.308594,1718.6508789999998,0.537874
2021-02-06,39266.011719,1677.846802,0.6278859999999999
2021-02-07,38903.441406,1614.227783,0.663238
2021-02-08,46196.464844,1746.616821,0.682511
2021-02-09,46481.105469,1768.035034,0.703516
2021-02-10,44918.183594,1744.2434079999998,0.930318
2021-02-11,47909.332031,1783.7979739999998,0.927741
2021-02-12,47504.851563,1843.532593,0.925587
2021-02-13,47105.515625,1814.109863,0.905719
2021-02-14,48717.289063,1805.0841059999998,0.848419
2021-02-15,47945.058594,1779.7910160000001,0.8610120000000001
2021-02-16,49199.871094,1781.067505,0.870951
2021-02-17,52149.007813,1848.458252,0.89092
2021-02-18,51679.796875,1937.449219,0.914119
2021-02-19,55888.132813,1960.164795,0.927649
2021-02-20,56099.51953099999,1919.5340579999997,1.122958
2021-02-21,57539.945313,1935.601074,1.1005200000000002
2021-02-22,54207.320313,1781.99292,1.099151
2021-02-23,48824.425781,1570.203979,0.954709
2021-02-24,49705.332031,1626.575684,1.051657
2021-02-25,47093.851563,1475.703735,1.079116
2021-02-26,46339.761719,1446.033691,1.241105
2021-02-27,46188.453125,1459.973145,1.32486
2021-02-28,45137.769531,1416.04895,1.308059
2021-03-01,49631.242188,1564.707642,1.2923879999999999
2021-03-02,48378.988281,1492.608765,1.225582
2021-03-03,50538.242188,1575.853149,1.216593
2021-03-04,48561.167969,1541.914307,1.114868
2021-03-05,48927.304688,1533.275024,1.168523
2021-03-06,48912.382813,1654.741577,1.1310120000000001
2021-03-07,51206.691406,1723.153809,1.133367
2021-03-08,52246.523438,1834.727905,1.118053
2021-03-09,54824.117188,1868.0488280000002,1.1951610000000001
2021-03-10,56008.55078099999,1799.1662600000002,1.135003
2021-03-11,57805.12109400001,1826.194946,1.12479
2021-03-12,57332.08984400001,1772.1024170000003,1.039144
2021-03-13,61243.085938,1924.685425,1.103314
2021-03-14,59302.31640599999,1854.5643309999998,1.0591540000000002
2021-03-15,55907.19921900001,1791.702271,1.033539
2021-03-16,56804.90234400001,1806.971802,1.242953
2021-03-17,58870.89453099999,1823.449341,1.378673
2021-03-18,57858.921875,1782.855103,1.239006
2021-03-19,58346.65234400001,1817.624146,1.30217
2021-03-20,58313.64453099999,1812.6346440000002,1.206541
2021-03-21,57523.421875,1788.217041,1.1891399999999999
2021-03-22,54529.14453099999,1691.3339839999999,1.109874
2021-03-23,54738.945313,1678.6501460000002,1.121552
2021-03-24,52774.265625,1593.413452,1.075002
2021-03-25,51704.160156,1595.3592529999999,1.101574
2021-03-26,55137.3125,1702.842041,1.213969
2021-03-27,55973.51171900001,1716.4946289999998,1.176577
2021-03-28,55950.74609400001,1691.355957,1.191124
2021-03-29,57750.19921900001,1819.684937,1.202541
2021-03-30,58917.69140599999,1846.033691,1.213317
2021-03-31,58918.83203099999,1918.362061,1.1932639999999999
2021-04-01,59095.80859400001,1977.276855,1.189244
2021-04-02,59384.3125,2143.225586,1.196509
2021-04-03,57603.890625,2028.422485,1.1732770000000001
2021-04-04,58758.554688,2093.122803,1.1914200000000001
2021-04-05,59057.87890599999,2107.887207,1.2143
2021-04-06,58192.359375,2118.378906,1.255354
2021-04-07,56048.9375,1971.077271,1.175149
2021-04-08,58323.953125,2088.57373,1.219436
2021-04-09,58245.00390599999,2072.1088870000003,1.20354
2021-04-10,59793.234375,2135.942139,1.218758
2021-04-11,60204.96484400001,2157.656982,1.266735
2021-04-12,59893.453125,2139.353271,1.316127
2021-04-13,63503.45703099999,2299.1877440000003,1.411786
2021-04-14,63109.695313,2435.10498,1.4554200000000002
2021-04-15,63314.01171900001,2519.116211,1.481588
2021-04-16,61572.789063,2431.946533,1.416949
2021-04-17,60683.820313,2344.89502,1.3848690000000001
2021-04-18,56216.18359400001,2237.136963,1.275501
2021-04-19,55724.265625,2166.188721,1.197959
2021-04-20,56473.03125,2330.2109379999997,1.2659340000000001
2021-04-21,53906.08984400001,2364.751709,1.2067350000000001
2021-04-22,51762.273438,2403.535156,1.147017
2021-04-23,51093.652344,2363.586182,1.155702
2021-04-24,50050.867188,2211.625732,1.1013549999999999
2021-04-25,49004.253906,2316.05957,1.08825
2021-04-26,54021.75390599999,2534.481689,1.234019
2021-04-27,55033.117188,2662.865234,1.306927
2021-04-28,54824.703125,2746.380127,1.335666
2021-04-29,53555.109375,2756.876953,1.308014
2021-04-30,57750.17578099999,2773.207031,1.352449
2021-05-01,57828.05078099999,2945.892822,1.353071
2021-05-02,56631.078125,2952.056152,1.326812
2021-05-03,57200.29296900001,3431.086182,1.3620299999999999
2021-05-04,53333.539063,3253.629395,1.274111
2021-05-05,57424.007813,3522.783203,1.475529
2021-05-06,56396.515625,3490.880371,1.6501240000000001
2021-05-07,57356.40234400001,3484.729004,1.6534529999999998
2021-05-08,58803.77734400001,3902.647705,1.6195540000000002
2021-05-09,58232.31640599999,3928.844727,1.770562
2021-05-10,55859.796875,3952.2939450000003,1.644696
2021-05-11,56704.57421900001,4168.701172,1.7640770000000001
2021-05-12,49150.535156,3785.8486329999996,1.552775
2021-05-13,49716.191406,3715.148438,1.933668
2021-05-14,49880.535156,4079.0573729999996,2.004796
2021-05-15,46760.1875,3638.1220700000003,2.174027
2021-05-16,46456.058594,3587.506104,2.309113
2021-05-17,43537.511719,3282.397705,2.0322259999999996
2021-05-18,42909.402344,3380.070068,2.003662
2021-05-19,37002.441406,2460.6791989999997,1.482521
2021-05-20,40782.738281,2784.294189,1.8104689999999999
2021-05-21,37304.691406,2430.621338,1.5522770000000001
2021-05-22,37536.632813,2295.705566,1.463622
2021-05-23,34770.582031,2109.579834,1.325436
2021-05-24,38705.980469,2643.591064,1.549485
2021-05-25,38402.222656,2706.628906,1.555369
2021-05-26,39294.199219,2888.69873,1.782702
2021-05-27,38436.96875,2736.488525,1.6459599999999999
2021-05-28,35697.605469,2419.90625,1.511987
2021-05-29,34616.066406,2279.51416,1.406232
2021-05-30,35678.128906,2390.30542,1.577279
2021-05-31,37332.855469,2714.9453129999997,1.742778
2021-06-01,36684.925781,2633.518311,1.734753
2021-06-02,37575.179688,2706.125,1.7528240000000002
2021-06-03,39208.765625,2855.126465,1.840471
2021-06-04,36894.40625,2688.195068,1.710908
2021-06-05,35551.957031,2630.576904,1.659009
2021-06-06,35862.378906,2715.092773,1.678248
2021-06-07,33560.707031,2590.263184,1.564106
2021-06-08,33472.632813,2517.438721,1.5880299999999998
2021-06-09,37345.121094,2608.26709,1.624826
2021-06-10,36702.597656,2471.518555,1.531857
2021-06-11,37334.398438,2353.768799,1.4363780000000002
2021-06-12,35552.515625,2372.484375,1.48022
2021-06-13,39097.859375,2508.391602,1.558359
2021-06-14,40218.476563,2537.8911129999997,1.57511
2021-06-15,40406.269531,2610.936768,1.597756
2021-06-16,38347.0625,2367.6635739999997,1.482573
2021-06-17,38053.503906,2372.001953,1.482194
2021-06-18,35787.246094,2231.733154,1.4153959999999999
2021-06-19,35615.871094,2178.499023,1.39057
2021-06-20,35698.296875,2246.364502,1.429188
2021-06-21,31676.693358999997,1888.4475100000002,1.1774799999999999
2021-06-22,32505.660156,1874.950073,1.153254
2021-06-23,33723.027344,1989.7363280000002,1.252896
2021-06-24,34662.4375,1988.456299,1.356087
2021-06-25,31637.779297000005,1813.2172850000002,1.256478
2021-06-26,32186.277344,1829.2392579999998,1.25044
2021-06-27,34649.644531,1978.894653,1.335202
2021-06-28,34434.335938,2079.657471,1.3247520000000002
2021-06-29,35867.777344,2160.768311,1.3684370000000001
2021-06-30,35040.835938,2274.547607,1.383472
2021-07-01,33572.117188,2113.605469,1.335611
2021-07-02,33897.046875,2150.040283,1.3943969999999999
2021-07-03,34668.546875,2226.1142579999996,1.406836
2021-07-04,35287.78125,2321.724121,1.458184
2021-07-05,33746.003906,2198.58252,1.404898
2021-07-06,34235.195313,2324.679443,1.418053
2021-07-07,33855.328125,2315.161865,1.403118
2021-07-08,32877.371094,2120.0263670000004,1.3301459999999998
2021-07-09,33798.011719,2146.6923829999996,1.349474
2021-07-10,33520.519531,2111.403564,1.336085
2021-07-11,34240.1875,2139.664795,1.3481450000000001
2021-07-12,33155.847656,2036.7210690000002,1.315099
