date,btcClose,newsSearches,searches
2016-10-02,610.892029,4.0,3.0
2016-10-03,612.132996,4.0,3.0
2016-10-04,610.203979,4.0,3.0
2016-10-05,612.510986,4.0,3.0
2016-10-06,613.020996,4.0,3.0
2016-10-07,617.1209719999998,4.0,3.0
2016-10-08,619.107971,4.0,3.0
2016-10-09,616.7520139999998,5.0,3.0
2016-10-10,618.9940190000002,5.0,3.0
2016-10-11,641.072021,5.0,3.0
2016-10-12,636.192017,5.0,3.0
2016-10-13,636.786011,5.0,3.0
2016-10-14,640.3779910000002,5.0,3.0
2016-10-15,638.645996,5.0,3.0
2016-10-16,641.6309809999998,5.0,3.0
2016-10-17,639.192993,5.0,3.0
2016-10-18,637.960022,5.0,3.0
2016-10-19,630.52002,5.0,3.0
2016-10-20,630.856995,5.0,3.0
2016-10-21,632.8280030000002,5.0,3.0
2016-10-22,657.294006,5.0,3.0
2016-10-23,657.070984,4.0,3.0
2016-10-24,653.760986,4.0,3.0
2016-10-25,657.5880129999998,4.0,3.0
2016-10-26,678.304016,4.0,3.0
2016-10-27,688.312988,4.0,3.0
2016-10-28,689.651001,4.0,3.0
2016-10-29,714.479004,4.0,3.0
2016-10-30,701.864014,5.0,3.0
2016-10-31,700.971985,5.0,3.0
2016-11-01,729.7930299999998,5.0,3.0
2016-11-02,740.828979,5.0,3.0
2016-11-03,688.700012,5.0,3.0
2016-11-04,703.2349849999998,5.0,3.0
2016-11-05,703.4180299999998,5.0,3.0
2016-11-06,711.521973,3.0,3.0
2016-11-07,703.1309809999998,3.0,3.0
2016-11-08,709.848022,3.0,3.0
2016-11-09,723.27301,3.0,3.0
2016-11-10,715.533997,3.0,3.0
2016-11-11,716.411011,3.0,3.0
2016-11-12,705.054016,3.0,3.0
2016-11-13,702.0310059999998,4.0,3.0
2016-11-14,705.020996,4.0,3.0
2016-11-15,711.6190190000002,4.0,3.0
2016-11-16,744.1979980000001,4.0,3.0
2016-11-17,740.97699,4.0,3.0
2016-11-18,751.585022,4.0,3.0
2016-11-19,751.616028,4.0,3.0
2016-11-20,731.026001,6.0,3.0
2016-11-21,739.2479860000002,6.0,3.0
2016-11-22,751.346985,6.0,3.0
2016-11-23,744.5939940000002,6.0,3.0
2016-11-24,740.289001,6.0,3.0
2016-11-25,741.648987,6.0,3.0
2016-11-26,735.382019,6.0,3.0
2016-11-27,732.034973,5.0,4.0
2016-11-28,735.812988,5.0,4.0
2016-11-29,735.604004,5.0,4.0
2016-11-30,745.690979,5.0,4.0
2016-12-01,756.773987,5.0,4.0
2016-12-02,777.94397,5.0,4.0
2016-12-03,771.155029,5.0,4.0
2016-12-04,773.8720089999998,5.0,4.0
2016-12-05,758.700012,5.0,4.0
2016-12-06,764.223999,5.0,4.0
2016-12-07,768.132019,5.0,4.0
2016-12-08,770.8099980000002,5.0,4.0
2016-12-09,772.794006,5.0,4.0
2016-12-10,774.650024,5.0,4.0
2016-12-11,769.731018,5.0,3.0
2016-12-12,780.086975,5.0,3.0
2016-12-13,780.55603,5.0,3.0
2016-12-14,781.481018,5.0,3.0
2016-12-15,778.0880129999998,5.0,3.0
2016-12-16,784.9069820000002,5.0,3.0
2016-12-17,790.828979,5.0,3.0
2016-12-18,790.530029,6.0,4.0
2016-12-19,792.713989,6.0,4.0
2016-12-20,800.8759769999998,6.0,4.0
2016-12-21,834.2810059999998,6.0,4.0
2016-12-22,864.5399779999998,6.0,4.0
2016-12-23,921.984009,6.0,4.0
2016-12-24,898.8220210000002,6.0,4.0
2016-12-25,896.182983,8.0,5.0
2016-12-26,907.609985,8.0,5.0
2016-12-27,933.197998,8.0,5.0
2016-12-28,975.921021,8.0,5.0
2016-12-29,973.497009,8.0,5.0
2016-12-30,961.237976,8.0,5.0
2016-12-31,963.742981,8.0,5.0
2017-01-01,998.325012,15.0,7.0
2017-01-02,1021.75,15.0,7.0
2017-01-03,1043.839966,15.0,7.0
2017-01-04,1154.72998,15.0,7.0
2017-01-05,1013.380005,15.0,7.0
2017-01-06,902.200989,15.0,7.0
2017-01-07,908.585022,15.0,7.0
2017-01-08,911.198975,8.0,6.0
2017-01-09,902.828003,8.0,6.0
2017-01-10,907.679016,8.0,6.0
2017-01-11,777.757019,8.0,6.0
2017-01-12,804.833984,8.0,6.0
2017-01-13,823.984009,8.0,6.0
2017-01-14,818.4119870000002,8.0,6.0
2017-01-15,821.7979740000002,5.0,5.0
2017-01-16,831.533997,5.0,5.0
2017-01-17,907.937988,5.0,5.0
2017-01-18,886.6179810000001,5.0,5.0
2017-01-19,899.0729980000001,5.0,5.0
2017-01-20,895.026001,5.0,5.0
2017-01-21,921.789001,5.0,5.0
2017-01-22,924.672974,7.0,4.0
2017-01-23,921.012024,7.0,4.0
2017-01-24,892.6870119999999,7.0,4.0
2017-01-25,901.541992,7.0,4.0
2017-01-26,917.585999,7.0,4.0
2017-01-27,919.75,7.0,4.0
2017-01-28,921.590027,7.0,4.0
2017-01-29,919.495972,6.0,4.0
2017-01-30,920.382019,6.0,4.0
2017-01-31,970.403015,6.0,4.0
2017-02-01,989.02301,6.0,4.0
2017-02-02,1011.799988,6.0,4.0
2017-02-03,1029.910034,6.0,4.0
2017-02-04,1042.900024,6.0,4.0
2017-02-05,1027.339966,8.0,5.0
2017-02-06,1038.150024,8.0,5.0
2017-02-07,1061.349976,8.0,5.0
2017-02-08,1063.069946,8.0,5.0
2017-02-09,994.382996,8.0,5.0
2017-02-10,988.674011,8.0,5.0
2017-02-11,1004.450012,8.0,5.0
2017-02-12,999.18103,9.0,4.0
2017-02-13,990.642029,9.0,4.0
2017-02-14,1004.549988,9.0,4.0
2017-02-15,1007.47998,9.0,4.0
2017-02-16,1027.439941,9.0,4.0
2017-02-17,1046.209961,9.0,4.0
2017-02-18,1054.420044,9.0,4.0
2017-02-19,1047.869995,7.0,5.0
2017-02-20,1079.97998,7.0,5.0
2017-02-21,1115.300049,7.0,5.0
2017-02-22,1117.439941,7.0,5.0
2017-02-23,1166.719971,7.0,5.0
2017-02-24,1173.680054,7.0,5.0
2017-02-25,1143.839966,7.0,5.0
2017-02-26,1165.199951,8.0,6.0
2017-02-27,1179.969971,8.0,6.0
2017-02-28,1179.969971,8.0,6.0
2017-03-01,1222.5,8.0,6.0
2017-03-02,1251.01001,8.0,6.0
2017-03-03,1274.98999,8.0,6.0
2017-03-04,1255.150024,8.0,6.0
2017-03-05,1267.119995,14.0,7.0
2017-03-06,1272.829956,14.0,7.0
2017-03-07,1223.540039,14.0,7.0
2017-03-08,1150.0,14.0,7.0
2017-03-09,1188.48999,14.0,7.0
2017-03-10,1116.719971,14.0,7.0
2017-03-11,1175.829956,14.0,7.0
2017-03-12,1221.380005,8.0,6.0
2017-03-13,1231.920044,8.0,6.0
2017-03-14,1240.0,8.0,6.0
2017-03-15,1249.609985,8.0,6.0
2017-03-16,1187.810059,8.0,6.0
2017-03-17,1100.22998,8.0,6.0
2017-03-18,973.817993,8.0,6.0
2017-03-19,1036.73999,7.0,6.0
2017-03-20,1054.22998,7.0,6.0
2017-03-21,1120.540039,7.0,6.0
2017-03-22,1049.140015,7.0,6.0
2017-03-23,1038.589966,7.0,6.0
2017-03-24,937.52002,7.0,6.0
2017-03-25,972.778992,7.0,6.0
2017-03-26,966.724976,6.0,5.0
2017-03-27,1045.77002,6.0,5.0
2017-03-28,1047.150024,6.0,5.0
2017-03-29,1039.969971,6.0,5.0
2017-03-30,1026.430054,6.0,5.0
2017-03-31,1071.790039,6.0,5.0
2017-04-01,1080.5,6.0,5.0
2017-04-02,1102.170044,4.0,5.0
2017-04-03,1143.810059,4.0,5.0
2017-04-04,1133.25,4.0,5.0
2017-04-05,1124.780029,4.0,5.0
2017-04-06,1182.680054,4.0,5.0
2017-04-07,1176.900024,4.0,5.0
2017-04-08,1175.949951,4.0,5.0
2017-04-09,1187.869995,5.0,5.0
2017-04-10,1187.130005,5.0,5.0
2017-04-11,1205.01001,5.0,5.0
2017-04-12,1200.369995,5.0,5.0
2017-04-13,1169.280029,5.0,5.0
2017-04-14,1167.540039,5.0,5.0
2017-04-15,1172.52002,5.0,5.0
2017-04-16,1182.939941,5.0,5.0
2017-04-17,1193.910034,5.0,5.0
2017-04-18,1211.670044,5.0,5.0
2017-04-19,1210.290039,5.0,5.0
2017-04-20,1229.079956,5.0,5.0
2017-04-21,1222.050049,5.0,5.0
2017-04-22,1231.709961,5.0,5.0
2017-04-23,1207.209961,7.0,5.0
2017-04-24,1250.150024,7.0,5.0
2017-04-25,1265.48999,7.0,5.0
2017-04-26,1281.079956,7.0,5.0
2017-04-27,1317.72998,7.0,5.0
2017-04-28,1316.47998,7.0,5.0
2017-04-29,1321.790039,7.0,5.0
2017-04-30,1347.890015,9.0,7.0
2017-05-01,1421.599976,9.0,7.0
2017-05-02,1452.819946,9.0,7.0
2017-05-03,1490.089966,9.0,7.0
2017-05-04,1537.670044,9.0,7.0
2017-05-05,1555.449951,9.0,7.0
2017-05-06,1578.800049,9.0,7.0
2017-05-07,1596.709961,11.0,10.0
2017-05-08,1723.3499760000002,11.0,10.0
2017-05-09,1755.359985,11.0,10.0
2017-05-10,1787.130005,11.0,10.0
2017-05-11,1848.569946,11.0,10.0
2017-05-12,1724.2399899999998,11.0,10.0
2017-05-13,1804.910034,11.0,10.0
2017-05-14,1808.910034,12.0,11.0
2017-05-15,1738.430054,12.0,11.0
2017-05-16,1734.449951,12.0,11.0
2017-05-17,1839.089966,12.0,11.0
2017-05-18,1888.650024,12.0,11.0
2017-05-19,1987.709961,12.0,11.0
2017-05-20,2084.72998,12.0,11.0
2017-05-21,2041.199951,22.0,19.0
2017-05-22,2173.399902,22.0,19.0
2017-05-23,2320.419922,22.0,19.0
2017-05-24,2443.639893,22.0,19.0
2017-05-25,2304.97998,22.0,19.0
2017-05-26,2202.419922,22.0,19.0
2017-05-27,2038.869995,22.0,19.0
2017-05-28,2155.800049,12.0,12.0
2017-05-29,2255.610107,12.0,12.0
2017-05-30,2175.469971,12.0,12.0
2017-05-31,2286.409912,12.0,12.0
2017-06-01,2407.879883,12.0,12.0
2017-06-02,2488.550049,12.0,12.0
2017-06-03,2515.350098,12.0,12.0
2017-06-04,2511.810059,9.0,12.0
2017-06-05,2686.810059,9.0,12.0
2017-06-06,2863.199951,9.0,12.0
2017-06-07,2732.159912,9.0,12.0
2017-06-08,2805.6201170000004,9.0,12.0
2017-06-09,2823.810059,9.0,12.0
2017-06-10,2947.709961,9.0,12.0
2017-06-11,2958.110107,17.0,14.0
2017-06-12,2659.629883,17.0,14.0
2017-06-13,2717.02002,17.0,14.0
2017-06-14,2506.3701170000004,17.0,14.0
2017-06-15,2464.580078,17.0,14.0
2017-06-16,2518.560059,17.0,14.0
2017-06-17,2655.879883,17.0,14.0
2017-06-18,2548.290039,11.0,12.0
2017-06-19,2589.600098,11.0,12.0
2017-06-20,2721.790039,11.0,12.0
2017-06-21,2689.100098,11.0,12.0
2017-06-22,2705.409912,11.0,12.0
2017-06-23,2744.909912,11.0,12.0
2017-06-24,2608.719971,11.0,12.0
2017-06-25,2589.409912,11.0,12.0
2017-06-26,2478.449951,11.0,12.0
2017-06-27,2552.449951,11.0,12.0
2017-06-28,2574.790039,11.0,12.0
2017-06-29,2539.320068,11.0,12.0
2017-06-30,2480.840088,11.0,12.0
2017-07-01,2434.550049,11.0,12.0
2017-07-02,2506.469971,6.0,9.0
2017-07-03,2564.060059,6.0,9.0
2017-07-04,2601.639893,6.0,9.0
2017-07-05,2601.98999,6.0,9.0
2017-07-06,2608.560059,6.0,9.0
2017-07-07,2518.659912,6.0,9.0
2017-07-08,2571.340088,6.0,9.0
2017-07-09,2518.439941,13.0,10.0
2017-07-10,2372.560059,13.0,10.0
2017-07-11,2337.790039,13.0,10.0
2017-07-12,2398.840088,13.0,10.0
2017-07-13,2357.899902,13.0,10.0
2017-07-14,2233.340088,13.0,10.0
2017-07-15,1998.859985,13.0,10.0
2017-07-16,1929.819946,13.0,12.0
2017-07-17,2228.409912,13.0,12.0
2017-07-18,2318.879883,13.0,12.0
2017-07-19,2273.429932,13.0,12.0
2017-07-20,2817.600098,13.0,12.0
2017-07-21,2667.76001,13.0,12.0
2017-07-22,2810.1201170000004,13.0,12.0
2017-07-23,2730.399902,15.0,11.0
2017-07-24,2754.860107,15.0,11.0
2017-07-25,2576.47998,15.0,11.0
2017-07-26,2529.449951,15.0,11.0
2017-07-27,2671.780029,15.0,11.0
2017-07-28,2809.01001,15.0,11.0
2017-07-29,2726.449951,15.0,11.0
2017-07-30,2757.179932,19.0,13.0
2017-07-31,2875.340088,19.0,13.0
2017-08-01,2718.26001,19.0,13.0
2017-08-02,2710.669922,19.0,13.0
2017-08-03,2804.72998,19.0,13.0
2017-08-04,2895.889893,19.0,13.0
2017-08-05,3252.909912,19.0,13.0
2017-08-06,3213.939941,16.0,14.0
2017-08-07,3378.939941,16.0,14.0
2017-08-08,3419.939941,16.0,14.0
2017-08-09,3342.469971,16.0,14.0
2017-08-10,3381.280029,16.0,14.0
2017-08-11,3650.620117,16.0,14.0
2017-08-12,3884.709961,16.0,14.0
2017-08-13,4073.26001,17.0,19.0
2017-08-14,4325.129883,17.0,19.0
2017-08-15,4181.930176,17.0,19.0
2017-08-16,4376.629883,17.0,19.0
2017-08-17,4331.689941,17.0,19.0
2017-08-18,4160.620117,17.0,19.0
2017-08-19,4193.700195,17.0,19.0
2017-08-20,4087.659912,13.0,15.0
2017-08-21,4001.73999,13.0,15.0
2017-08-22,4100.52002,13.0,15.0
2017-08-23,4151.52002,13.0,15.0
2017-08-24,4334.680176,13.0,15.0
2017-08-25,4371.600098,13.0,15.0
2017-08-26,4352.399902,13.0,15.0
2017-08-27,4382.879883,14.0,17.0
2017-08-28,4382.660156,14.0,17.0
2017-08-29,4579.02002,14.0,17.0
2017-08-30,4565.299805,14.0,17.0
2017-08-31,4703.3901369999985,14.0,17.0
2017-09-01,4892.009765999999,14.0,17.0
2017-09-02,4578.77002,14.0,17.0
2017-09-03,4582.959961,22.0,18.0
2017-09-04,4236.310059,22.0,18.0
2017-09-05,4376.529785,22.0,18.0
2017-09-06,4597.120117,22.0,18.0
2017-09-07,4599.879883,22.0,18.0
2017-09-08,4228.75,22.0,18.0
2017-09-09,4226.060059,22.0,18.0
2017-09-10,4122.939941,36.0,20.0
2017-09-11,4161.27002,36.0,20.0
2017-09-12,4130.810059,36.0,20.0
2017-09-13,3882.590088,36.0,20.0
2017-09-14,3154.949951,36.0,20.0
2017-09-15,3637.52002,36.0,20.0
2017-09-16,3625.040039,36.0,20.0
2017-09-17,3582.879883,20.0,15.0
2017-09-18,4065.199951,20.0,15.0
2017-09-19,3924.969971,20.0,15.0
2017-09-20,3905.949951,20.0,15.0
2017-09-21,3631.040039,20.0,15.0
2017-09-22,3630.699951,20.0,15.0
2017-09-23,3792.399902,20.0,15.0
2017-09-24,3682.840088,17.0,13.0
2017-09-25,3926.070068,17.0,13.0
2017-09-26,3892.350098,17.0,13.0
2017-09-27,4200.669922,17.0,13.0
2017-09-28,4174.72998,17.0,13.0
2017-09-29,4163.069824,17.0,13.0
2017-09-30,4338.709961,17.0,13.0
2017-10-01,4403.740234000001,16.0,12.0
2017-10-02,4409.319824,16.0,12.0
2017-10-03,4317.47998,16.0,12.0
2017-10-04,4229.3598630000015,16.0,12.0
2017-10-05,4328.410156,16.0,12.0
2017-10-06,4370.810059,16.0,12.0
2017-10-07,4426.8901369999985,16.0,12.0
2017-10-08,4610.47998,19.0,18.0
2017-10-09,4772.02002,19.0,18.0
2017-10-10,4781.990234000001,19.0,18.0
2017-10-11,4826.47998,19.0,18.0
2017-10-12,5446.910156,19.0,18.0
2017-10-13,5647.209961,19.0,18.0
2017-10-14,5831.790039,19.0,18.0
2017-10-15,5678.189941,21.0,19.0
2017-10-16,5725.589844,21.0,19.0
2017-10-17,5605.509765999999,21.0,19.0
2017-10-18,5590.689941,21.0,19.0
2017-10-19,5708.52002,21.0,19.0
2017-10-20,6011.450195,21.0,19.0
2017-10-21,6031.600098,21.0,19.0
2017-10-22,6008.419922,24.0,20.0
2017-10-23,5930.319824,24.0,20.0
2017-10-24,5526.6401369999985,24.0,20.0
2017-10-25,5750.799805,24.0,20.0
2017-10-26,5904.830078,24.0,20.0
2017-10-27,5780.899902,24.0,20.0
2017-10-28,5753.089844,24.0,20.0
2017-10-29,6153.850098,28.0,25.0
2017-10-30,6130.529785,28.0,25.0
2017-10-31,6468.399902,28.0,25.0
2017-11-01,6767.310059,28.0,25.0
2017-11-02,7078.5,28.0,25.0
2017-11-03,7207.759765999999,28.0,25.0
2017-11-04,7379.950195,28.0,25.0
2017-11-05,7407.410156,32.0,26.0
2017-11-06,7022.759765999999,32.0,26.0
2017-11-07,7144.379883,32.0,26.0
2017-11-08,7459.689941,32.0,26.0
2017-11-09,7143.580078,32.0,26.0
2017-11-10,6618.1401369999985,32.0,26.0
2017-11-11,6357.600098,32.0,26.0
2017-11-12,5950.069824,31.0,27.0
2017-11-13,6559.490234000001,31.0,27.0
2017-11-14,6635.75,31.0,27.0
2017-11-15,7315.540039,31.0,27.0
2017-11-16,7871.689941,31.0,27.0
2017-11-17,7708.990234000001,31.0,27.0
2017-11-18,7790.149901999999,31.0,27.0
2017-11-19,8036.490234000001,25.0,26.0
2017-11-20,8200.639648,25.0,26.0
2017-11-21,8071.259765999999,25.0,26.0
2017-11-22,8253.549805,25.0,26.0
2017-11-23,8038.77002,25.0,26.0
2017-11-24,8253.69043,25.0,26.0
2017-11-25,8790.919922,25.0,26.0
2017-11-26,9330.549805,72.0,59.0
2017-11-27,9818.349609,72.0,59.0
2017-11-28,10058.799805,72.0,59.0
2017-11-29,9888.610352,72.0,59.0
2017-11-30,10233.599609,72.0,59.0
2017-12-01,10975.599609,72.0,59.0
2017-12-02,11074.599609,72.0,59.0
2017-12-03,11323.200195,83.0,81.0
2017-12-04,11657.200195,83.0,81.0
2017-12-05,11916.700195,83.0,81.0
2017-12-06,14291.5,83.0,81.0
2017-12-07,17899.699219,83.0,81.0
2017-12-08,16569.400391,83.0,81.0
2017-12-09,15178.200195,83.0,81.0
2017-12-10,15455.400391,79.0,78.0
2017-12-11,16936.800781,79.0,78.0
2017-12-12,17415.400391,79.0,78.0
2017-12-13,16408.199219,79.0,78.0
2017-12-14,16564.0,79.0,78.0
2017-12-15,17706.900391,79.0,78.0
2017-12-16,19497.400391,79.0,78.0
2017-12-17,19140.800781,100.0,88.0
2017-12-18,19114.199219,100.0,88.0
2017-12-19,17776.699219,100.0,88.0
2017-12-20,16624.599609,100.0,88.0
2017-12-21,15802.900391,100.0,88.0
2017-12-22,13831.799805,100.0,88.0
2017-12-23,14699.200195,100.0,88.0
2017-12-24,13925.799805,55.0,60.0
2017-12-25,14026.599609,55.0,60.0
2017-12-26,16099.799805,55.0,60.0
2017-12-27,15838.5,55.0,60.0
2017-12-28,14606.5,55.0,60.0
2017-12-29,14656.200195,55.0,60.0
2017-12-30,12952.200195,55.0,60.0
2017-12-31,14156.400391,36.0,45.0
2018-01-01,13657.200195,36.0,45.0
2018-01-02,14982.099609,36.0,45.0
2018-01-03,15201.0,36.0,45.0
2018-01-04,15599.200195,36.0,45.0
2018-01-05,17429.5,36.0,45.0
2018-01-06,17527.0,36.0,45.0
2018-01-07,16477.599609,48.0,45.0
2018-01-08,15170.099609,48.0,45.0
2018-01-09,14595.400391,48.0,45.0
2018-01-10,14973.299805,48.0,45.0
2018-01-11,13405.799805,48.0,45.0
2018-01-12,13980.599609,48.0,45.0
2018-01-13,14360.200195,48.0,45.0
2018-01-14,13772.0,73.0,53.0
2018-01-15,13819.799805,73.0,53.0
2018-01-16,11490.5,73.0,53.0
2018-01-17,11188.599609,73.0,53.0
2018-01-18,11474.900391,73.0,53.0
2018-01-19,11607.400391,73.0,53.0
2018-01-20,12899.200195,73.0,53.0
2018-01-21,11600.099609,46.0,36.0
2018-01-22,10931.400391,46.0,36.0
2018-01-23,10868.400391,46.0,36.0
2018-01-24,11359.400391,46.0,36.0
2018-01-25,11259.400391,46.0,36.0
2018-01-26,11171.400391,46.0,36.0
2018-01-27,11440.700195,46.0,36.0
2018-01-28,11786.299805,51.0,38.0
2018-01-29,11296.400391,51.0,38.0
2018-01-30,10106.299805,51.0,38.0
2018-01-31,10221.099609,51.0,38.0
2018-02-01,9170.540039,51.0,38.0
2018-02-02,8830.75,51.0,38.0
2018-02-03,9174.910156,51.0,38.0
2018-02-04,8277.009766,61.0,45.0
2018-02-05,6955.27002,61.0,45.0
2018-02-06,7754.0,61.0,45.0
2018-02-07,7621.299805,61.0,45.0
2018-02-08,8265.589844,61.0,45.0
2018-02-09,8736.980469,61.0,45.0
2018-02-10,8621.900391,61.0,45.0
2018-02-11,8129.970215,31.0,26.0
2018-02-12,8926.570313,31.0,26.0
2018-02-13,8598.30957,31.0,26.0
2018-02-14,9494.629883,31.0,26.0
2018-02-15,10166.400391,31.0,26.0
2018-02-16,10233.900391,31.0,26.0
2018-02-17,11112.700195,31.0,26.0
2018-02-18,10551.799805,29.0,23.0
2018-02-19,11225.299805,29.0,23.0
2018-02-20,11403.700195,29.0,23.0
2018-02-21,10690.400391,29.0,23.0
2018-02-22,10005.0,29.0,23.0
2018-02-23,10301.099609,29.0,23.0
2018-02-24,9813.070313,29.0,23.0
2018-02-25,9664.730469,19.0,19.0
2018-02-26,10366.700195,19.0,19.0
2018-02-27,10725.599609,19.0,19.0
2018-02-28,10397.900391,19.0,19.0
2018-03-01,10951.0,19.0,19.0
2018-03-02,11086.400391,19.0,19.0
2018-03-03,11489.700195,19.0,19.0
2018-03-04,11512.599609,26.0,19.0
2018-03-05,11573.299805,26.0,19.0
2018-03-06,10779.900391,26.0,19.0
2018-03-07,9965.570313,26.0,19.0
2018-03-08,9395.009766,26.0,19.0
2018-03-09,9337.549805,26.0,19.0
2018-03-10,8866.0,26.0,19.0
2018-03-11,9578.629883,28.0,19.0
2018-03-12,9205.120117,28.0,19.0
2018-03-13,9194.849609,28.0,19.0
2018-03-14,8269.80957,28.0,19.0
2018-03-15,8300.860352,28.0,19.0
2018-03-16,8338.349609,28.0,19.0
2018-03-17,7916.879883,28.0,19.0
2018-03-18,8223.679688,26.0,17.0
2018-03-19,8630.650391,26.0,17.0
2018-03-20,8913.469727,26.0,17.0
2018-03-21,8929.280273,26.0,17.0
2018-03-22,8728.469727,26.0,17.0
2018-03-23,8879.620117,26.0,17.0
2018-03-24,8668.120117,26.0,17.0
2018-03-25,8495.780273,32.0,17.0
2018-03-26,8209.400391,32.0,17.0
2018-03-27,7833.040039,32.0,17.0
2018-03-28,7954.47998,32.0,17.0
2018-03-29,7165.700195,32.0,17.0
2018-03-30,6890.52002,32.0,17.0
2018-03-31,6973.529785,32.0,17.0
2018-04-01,6844.22998,26.0,16.0
2018-04-02,7083.799805,26.0,16.0
2018-04-03,7456.109863,26.0,16.0
2018-04-04,6853.839844,26.0,16.0
2018-04-05,6811.470215,26.0,16.0
2018-04-06,6636.319824,26.0,16.0
2018-04-07,6911.089844,26.0,16.0
2018-04-08,7023.52002,26.0,15.0
2018-04-09,6770.72998,26.0,15.0
2018-04-10,6834.759765999999,26.0,15.0
2018-04-11,6968.319823999998,26.0,15.0
2018-04-12,7889.25,26.0,15.0
2018-04-13,7895.959961,26.0,15.0
2018-04-14,7986.240234000001,26.0,15.0
2018-04-15,8329.110352,18.0,14.0
2018-04-16,8058.669922,18.0,14.0
2018-04-17,7902.089844,18.0,14.0
2018-04-18,8163.419922,18.0,14.0
2018-04-19,8294.30957,18.0,14.0
2018-04-20,8845.830078,18.0,14.0
2018-04-21,8895.580078,18.0,14.0
2018-04-22,8802.459961,20.0,14.0
2018-04-23,8930.879883,20.0,14.0
2018-04-24,9697.5,20.0,14.0
2018-04-25,8845.740234,20.0,14.0
2018-04-26,9281.509766,20.0,14.0
2018-04-27,8987.049805,20.0,14.0
2018-04-28,9348.480469,20.0,14.0
2018-04-29,9419.080078,16.0,13.0
2018-04-30,9240.549805,16.0,13.0
2018-05-01,9119.009766,16.0,13.0
2018-05-02,9235.919922,16.0,13.0
2018-05-03,9743.860352,16.0,13.0
2018-05-04,9700.759766,16.0,13.0
2018-05-05,9858.150391,16.0,13.0
2018-05-06,9654.799805,19.0,13.0
2018-05-07,9373.009766,19.0,13.0
2018-05-08,9234.820313,19.0,13.0
2018-05-09,9325.179688,19.0,13.0
2018-05-10,9043.94043,19.0,13.0
2018-05-11,8441.490234,19.0,13.0
2018-05-12,8504.889648,19.0,13.0
2018-05-13,8723.94043,17.0,11.0
2018-05-14,8716.790039,17.0,11.0
2018-05-15,8510.379883,17.0,11.0
2018-05-16,8368.830078,17.0,11.0
2018-05-17,8094.319823999998,17.0,11.0
2018-05-18,8250.969727,17.0,11.0
2018-05-19,8247.179688,17.0,11.0
2018-05-20,8513.25,16.0,11.0
2018-05-21,8418.990234,16.0,11.0
2018-05-22,8041.779785,16.0,11.0
2018-05-23,7557.819823999998,16.0,11.0
2018-05-24,7587.339844,16.0,11.0
2018-05-25,7480.140137,16.0,11.0
2018-05-26,7355.879883,16.0,11.0
2018-05-27,7368.220215,15.0,10.0
2018-05-28,7135.990234000001,15.0,10.0
2018-05-29,7472.589844,15.0,10.0
2018-05-30,7406.52002,15.0,10.0
2018-05-31,7494.169922,15.0,10.0
2018-06-01,7541.450195,15.0,10.0
2018-06-02,7643.450195,15.0,10.0
2018-06-03,7720.25,12.0,9.0
2018-06-04,7514.470215,12.0,9.0
2018-06-05,7633.759765999999,12.0,9.0
2018-06-06,7653.97998,12.0,9.0
2018-06-07,7678.240234000001,12.0,9.0
2018-06-08,7624.919922,12.0,9.0
2018-06-09,7531.97998,12.0,9.0
2018-06-10,6786.02002,16.0,12.0
2018-06-11,6906.919922,16.0,12.0
2018-06-12,6582.3598630000015,16.0,12.0
2018-06-13,6349.899902,16.0,12.0
2018-06-14,6675.350098,16.0,12.0
2018-06-15,6456.580078,16.0,12.0
2018-06-16,6550.160156,16.0,12.0
2018-06-17,6499.27002,14.0,10.0
2018-06-18,6734.819823999998,14.0,10.0
2018-06-19,6769.939941,14.0,10.0
2018-06-20,6776.549805,14.0,10.0
2018-06-21,6729.740234000001,14.0,10.0
2018-06-22,6083.689941,14.0,10.0
2018-06-23,6162.47998,14.0,10.0
2018-06-24,6173.22998,14.0,11.0
2018-06-25,6249.180176,14.0,11.0
2018-06-26,6093.669922,14.0,11.0
2018-06-27,6157.129883,14.0,11.0
2018-06-28,5903.439941,14.0,11.0
2018-06-29,6218.299805,14.0,11.0
2018-06-30,6404.0,14.0,11.0
2018-07-01,6385.819824,11.0,10.0
2018-07-02,6614.180176,11.0,10.0
2018-07-03,6529.589844,11.0,10.0
2018-07-04,6597.549805,11.0,10.0
2018-07-05,6639.1401369999985,11.0,10.0
2018-07-06,6673.5,11.0,10.0
2018-07-07,6856.930176000002,11.0,10.0
2018-07-08,6773.879883,10.0,9.0
2018-07-09,6741.75,10.0,9.0
2018-07-10,6329.950195,10.0,9.0
2018-07-11,6394.709961,10.0,9.0
2018-07-12,6228.810059,10.0,9.0
2018-07-13,6238.049805,10.0,9.0
2018-07-14,6276.120117,10.0,9.0
2018-07-15,6359.6401369999985,13.0,11.0
2018-07-16,6741.75,13.0,11.0
2018-07-17,7321.040039,13.0,11.0
2018-07-18,7370.779785,13.0,11.0
2018-07-19,7466.859863,13.0,11.0
2018-07-20,7354.129883,13.0,11.0
2018-07-21,7419.290039,13.0,11.0
2018-07-22,7418.490234000001,18.0,12.0
2018-07-23,7711.109863,18.0,12.0
2018-07-24,8424.269531,18.0,12.0
2018-07-25,8181.390137,18.0,12.0
2018-07-26,7951.580078,18.0,12.0
2018-07-27,8165.009765999999,18.0,12.0
2018-07-28,8192.150391,18.0,12.0
2018-07-29,8218.459961,17.0,10.0
2018-07-30,8180.47998,17.0,10.0
2018-07-31,7780.439941,17.0,10.0
2018-08-01,7624.910156,17.0,10.0
2018-08-02,7567.149901999999,17.0,10.0
2018-08-03,7434.390137,17.0,10.0
2018-08-04,7032.850098000001,17.0,10.0
2018-08-05,7068.47998,23.0,11.0
2018-08-06,6951.799805,23.0,11.0
2018-08-07,6753.120117,23.0,11.0
2018-08-08,6305.799805,23.0,11.0
2018-08-09,6568.22998,23.0,11.0
2018-08-10,6184.709961,23.0,11.0
2018-08-11,6295.72998,23.0,11.0
2018-08-12,6322.689941,14.0,10.0
2018-08-13,6297.569824,14.0,10.0
2018-08-14,6199.709961,14.0,10.0
2018-08-15,6308.52002,14.0,10.0
2018-08-16,6334.72998,14.0,10.0
2018-08-17,6580.629883,14.0,10.0
2018-08-18,6423.759765999999,14.0,10.0
2018-08-19,6506.069824,16.0,10.0
2018-08-20,6308.529785,16.0,10.0
2018-08-21,6488.759765999999,16.0,10.0
2018-08-22,6376.709961,16.0,10.0
2018-08-23,6534.879883,16.0,10.0
2018-08-24,6719.959961,16.0,10.0
2018-08-25,6763.189941,16.0,10.0
2018-08-26,6707.259765999999,12.0,10.0
2018-08-27,6884.640137,12.0,10.0
2018-08-28,7096.279785,12.0,10.0
2018-08-29,7047.160156,12.0,10.0
2018-08-30,6978.22998,12.0,10.0
2018-08-31,7037.580078,12.0,10.0
2018-09-01,7193.25,12.0,10.0
2018-09-02,7272.720215,17.0,11.0
2018-09-03,7260.060059,17.0,11.0
2018-09-04,7361.660156,17.0,11.0
2018-09-05,6792.830078,17.0,11.0
2018-09-06,6529.169922,17.0,11.0
2018-09-07,6467.069824,17.0,11.0
2018-09-08,6225.97998,17.0,11.0
2018-09-09,6300.8598630000015,15.0,10.0
2018-09-10,6329.700195,15.0,10.0
2018-09-11,6321.200195,15.0,10.0
2018-09-12,6351.799805,15.0,10.0
2018-09-13,6517.310059,15.0,10.0
2018-09-14,6512.709961,15.0,10.0
2018-09-15,6543.200195,15.0,10.0
2018-09-16,6517.180176,11.0,9.0
2018-09-17,6281.200195,11.0,9.0
2018-09-18,6371.299805,11.0,9.0
2018-09-19,6398.540039,11.0,9.0
2018-09-20,6519.669922,11.0,9.0
2018-09-21,6734.950195,11.0,9.0
2018-09-22,6721.97998,11.0,9.0
2018-09-23,6710.629883,12.0,9.0
2018-09-24,6595.410156,12.0,9.0
2018-09-25,6446.470215,12.0,9.0
2018-09-26,6495.0,12.0,9.0
2018-09-27,6676.75,12.0,9.0
2018-09-28,6644.129883,12.0,9.0
2018-09-29,6601.959961,12.0,9.0
2018-09-30,6625.560059,14.0,8.0
2018-10-01,6589.620117,14.0,8.0
2018-10-02,6556.100098,14.0,8.0
2018-10-03,6502.589844,14.0,8.0
2018-10-04,6576.689941,14.0,8.0
2018-10-05,6622.47998,14.0,8.0
2018-10-06,6588.310059,14.0,8.0
2018-10-07,6602.950195,13.0,9.0
2018-10-08,6652.22998,13.0,9.0
2018-10-09,6642.6401369999985,13.0,9.0
2018-10-10,6585.529785,13.0,9.0
2018-10-11,6256.240234000001,13.0,9.0
2018-10-12,6274.580078,13.0,9.0
2018-10-13,6285.990234000001,13.0,9.0
2018-10-14,6290.930176,9.0,9.0
2018-10-15,6596.540039,9.0,9.0
2018-10-16,6596.1098630000015,9.0,9.0
2018-10-17,6544.430176,9.0,9.0
2018-10-18,6476.709961,9.0,9.0
2018-10-19,6465.410156,9.0,9.0
2018-10-20,6489.189941,9.0,9.0
2018-10-21,6482.350098,13.0,8.0
2018-10-22,6487.160156,13.0,8.0
2018-10-23,6475.740234000001,13.0,8.0
2018-10-24,6495.839844,13.0,8.0
2018-10-25,6476.290039,13.0,8.0
2018-10-26,6474.75,13.0,8.0
2018-10-27,6480.379883,13.0,8.0
2018-10-28,6486.3901369999985,12.0,8.0
2018-10-29,6332.629883,12.0,8.0
2018-10-30,6334.27002,12.0,8.0
2018-10-31,6317.6098630000015,12.0,8.0
2018-11-01,6377.779785,12.0,8.0
2018-11-02,6388.439941,12.0,8.0
2018-11-03,6361.259765999999,12.0,8.0
2018-11-04,6376.129883,10.0,8.0
2018-11-05,6419.660156,10.0,8.0
2018-11-06,6461.009765999999,10.0,8.0
2018-11-07,6530.1401369999985,10.0,8.0
2018-11-08,6453.720215,10.0,8.0
2018-11-09,6385.620117,10.0,8.0
2018-11-10,6409.220215,10.0,8.0
2018-11-11,6411.27002,18.0,10.0
2018-11-12,6371.27002,18.0,10.0
2018-11-13,6359.490234000001,18.0,10.0
2018-11-14,5738.350098,18.0,10.0
2018-11-15,5648.029785,18.0,10.0
2018-11-16,5575.549805,18.0,10.0
2018-11-17,5554.330078,18.0,10.0
2018-11-18,5623.540039,23.0,13.0
2018-11-19,4871.490234000001,23.0,13.0
2018-11-20,4451.870117,23.0,13.0
2018-11-21,4602.169922,23.0,13.0
2018-11-22,4365.939941,23.0,13.0
2018-11-23,4347.1098630000015,23.0,13.0
2018-11-24,3880.76001,23.0,13.0
2018-11-25,4009.969971,22.0,14.0
2018-11-26,3779.129883,22.0,14.0
2018-11-27,3820.719971,22.0,14.0
2018-11-28,4257.419922,22.0,14.0
2018-11-29,4278.84668,22.0,14.0
2018-11-30,4017.268555,22.0,14.0
2018-12-01,4214.671875,22.0,14.0
2018-12-02,4139.87793,17.0,12.0
2018-12-03,3894.130859,17.0,12.0
2018-12-04,3956.893799,17.0,12.0
2018-12-05,3753.994873,17.0,12.0
2018-12-06,3521.101807,17.0,12.0
2018-12-07,3419.937256,17.0,12.0
2018-12-08,3476.114746,17.0,12.0
2018-12-09,3614.234375,11.0,11.0
2018-12-10,3502.656006,11.0,11.0
2018-12-11,3424.588135,11.0,11.0
2018-12-12,3486.950195000001,11.0,11.0
2018-12-13,3313.677246,11.0,11.0
2018-12-14,3242.484863,11.0,11.0
2018-12-15,3236.761719,11.0,11.0
2018-12-16,3252.839111,17.0,11.0
2018-12-17,3545.864746,17.0,11.0
2018-12-18,3696.059082,17.0,11.0
2018-12-19,3745.950684,17.0,11.0
2018-12-20,4134.441406,17.0,11.0
2018-12-21,3896.543701,17.0,11.0
2018-12-22,4014.182617,17.0,11.0
2018-12-23,3998.980225,16.0,10.0
2018-12-24,4078.599121,16.0,10.0
2018-12-25,3815.490723,16.0,10.0
2018-12-26,3857.297607,16.0,10.0
2018-12-27,3654.833496,16.0,10.0
2018-12-28,3923.918701,16.0,10.0
2018-12-29,3820.408691,16.0,10.0
2018-12-30,3865.952637,12.0,9.0
2018-12-31,3742.700439,12.0,9.0
2019-01-01,3843.52002,12.0,9.0
2019-01-02,3943.409424,12.0,9.0
2019-01-03,3836.741211,12.0,9.0
2019-01-04,3857.717529,12.0,9.0
2019-01-05,3845.19458,12.0,9.0
2019-01-06,4076.632568,10.0,9.0
2019-01-07,4025.248291,10.0,9.0
2019-01-08,4030.8479,10.0,9.0
2019-01-09,4035.296387,10.0,9.0
2019-01-10,3678.924561,10.0,9.0
2019-01-11,3687.365479,10.0,9.0
2019-01-12,3661.301025,10.0,9.0
2019-01-13,3552.953125,13.0,8.0
2019-01-14,3706.052246,13.0,8.0
2019-01-15,3630.675293,13.0,8.0
2019-01-16,3655.006836,13.0,8.0
2019-01-17,3678.563965,13.0,8.0
2019-01-18,3657.839355,13.0,8.0
2019-01-19,3728.568359,13.0,8.0
2019-01-20,3601.013672,11.0,7.0
2019-01-21,3576.032471,11.0,7.0
2019-01-22,3604.577148,11.0,7.0
2019-01-23,3585.123047,11.0,7.0
2019-01-24,3600.865479,11.0,7.0
2019-01-25,3599.765869,11.0,7.0
2019-01-26,3602.460449,11.0,7.0
2019-01-27,3583.965820000001,10.0,7.0
2019-01-28,3470.450439,10.0,7.0
2019-01-29,3448.116943,10.0,7.0
2019-01-30,3486.181641,10.0,7.0
2019-01-31,3457.792725,10.0,7.0
2019-02-01,3487.945313,10.0,7.0
2019-02-02,3521.0607909999994,10.0,7.0
2019-02-03,3464.013428,16.0,8.0
2019-02-04,3459.154053,16.0,8.0
2019-02-05,3466.357422,16.0,8.0
2019-02-06,3413.767822,16.0,8.0
2019-02-07,3399.47168,16.0,8.0
2019-02-08,3666.780273,16.0,8.0
2019-02-09,3671.203613,16.0,8.0
2019-02-10,3690.188232,11.0,7.0
2019-02-11,3648.430664,11.0,7.0
2019-02-12,3653.528564,11.0,7.0
2019-02-13,3632.070557,11.0,7.0
2019-02-14,3616.880859,11.0,7.0
2019-02-15,3620.810791,11.0,7.0
2019-02-16,3629.787598,11.0,7.0
2019-02-17,3673.836182,14.0,8.0
2019-02-18,3915.714355,14.0,8.0
2019-02-19,3947.094482,14.0,8.0
2019-02-20,3999.820557,14.0,8.0
2019-02-21,3954.118164,14.0,8.0
2019-02-22,4005.526611,14.0,8.0
2019-02-23,4142.526855,14.0,8.0
2019-02-24,3810.42749,12.0,8.0
2019-02-25,3882.696289,12.0,8.0
2019-02-26,3854.35791,12.0,8.0
2019-02-27,3851.047363,12.0,8.0
2019-02-28,3854.7854,12.0,8.0
2019-03-01,3859.58374,12.0,8.0
2019-03-02,3864.415039,12.0,8.0
2019-03-03,3847.175781,10.0,7.0
2019-03-04,3761.557129,10.0,7.0
2019-03-05,3896.375,10.0,7.0
2019-03-06,3903.942627,10.0,7.0
2019-03-07,3911.484375,10.0,7.0
2019-03-08,3901.131592,10.0,7.0
2019-03-09,3963.313721,10.0,7.0
2019-03-10,3951.599854,11.0,7.0
2019-03-11,3905.227295,11.0,7.0
2019-03-12,3909.15625,11.0,7.0
2019-03-13,3906.717285,11.0,7.0
2019-03-14,3924.369141,11.0,7.0
2019-03-15,3960.911133,11.0,7.0
2019-03-16,4048.72583,11.0,7.0
2019-03-17,4025.229004,14.0,7.0
2019-03-18,4032.507324,14.0,7.0
2019-03-19,4071.190186,14.0,7.0
2019-03-20,4087.476318,14.0,7.0
2019-03-21,4029.326904,14.0,7.0
2019-03-22,4023.968262,14.0,7.0
2019-03-23,4035.826416,14.0,7.0
2019-03-24,4022.168213,12.0,7.0
2019-03-25,3963.070557,12.0,7.0
2019-03-26,3985.080811,12.0,7.0
2019-03-27,4087.066162,12.0,7.0
2019-03-28,4069.107178,12.0,7.0
2019-03-29,4098.3745119999985,12.0,7.0
2019-03-30,4106.660156,12.0,7.0
2019-03-31,4105.404297,20.0,12.0
2019-04-01,4158.183105,20.0,12.0
2019-04-02,4879.87793,20.0,12.0
2019-04-03,4973.021973,20.0,12.0
2019-04-04,4922.798828,20.0,12.0
2019-04-05,5036.681152,20.0,12.0
2019-04-06,5059.817383,20.0,12.0
2019-04-07,5198.896973,18.0,10.0
2019-04-08,5289.770996,18.0,10.0
2019-04-09,5204.958496,18.0,10.0
2019-04-10,5324.551758,18.0,10.0
2019-04-11,5064.487793,18.0,10.0
2019-04-12,5089.539063,18.0,10.0
2019-04-13,5096.586426,18.0,10.0
2019-04-14,5167.722168,15.0,9.0
2019-04-15,5067.1083979999985,15.0,9.0
2019-04-16,5235.55957,15.0,9.0
2019-04-17,5251.9379880000015,15.0,9.0
2019-04-18,5298.385742,15.0,9.0
2019-04-19,5303.8125,15.0,9.0
2019-04-20,5337.88623,15.0,9.0
2019-04-21,5314.53125,15.0,9.0
2019-04-22,5399.365234000001,15.0,9.0
2019-04-23,5572.362305,15.0,9.0
2019-04-24,5464.866699,15.0,9.0
2019-04-25,5210.515625,15.0,9.0
2019-04-26,5279.348145,15.0,9.0
2019-04-27,5268.291015999999,15.0,9.0
2019-04-28,5285.13916,13.0,9.0
2019-04-29,5247.352539,13.0,9.0
2019-04-30,5350.726563,13.0,9.0
2019-05-01,5402.697265999999,13.0,9.0
2019-05-02,5505.283691,13.0,9.0
2019-05-03,5768.289551,13.0,9.0
2019-05-04,5831.16748,13.0,9.0
2019-05-05,5795.708496,16.0,12.0
2019-05-06,5746.807129,16.0,12.0
2019-05-07,5829.501465,16.0,12.0
2019-05-08,5982.45752,16.0,12.0
2019-05-09,6174.528809,16.0,12.0
2019-05-10,6378.849121,16.0,12.0
2019-05-11,7204.771484000001,16.0,12.0
2019-05-12,6972.371581999999,26.0,19.0
2019-05-13,7814.915039,26.0,19.0
2019-05-14,7994.416015999999,26.0,19.0
2019-05-15,8205.167969,26.0,19.0
2019-05-16,7884.90918,26.0,19.0
2019-05-17,7343.895508,26.0,19.0
2019-05-18,7271.208008,26.0,19.0
2019-05-19,8197.689453,17.0,13.0
2019-05-20,7978.309081999999,17.0,13.0
2019-05-21,7963.327637,17.0,13.0
2019-05-22,7680.066406,17.0,13.0
2019-05-23,7881.84668,17.0,13.0
2019-05-24,7987.371581999999,17.0,13.0
2019-05-25,8052.543945,17.0,13.0
2019-05-26,8673.21582,23.0,15.0
2019-05-27,8805.77832,23.0,15.0
2019-05-28,8719.961914,23.0,15.0
2019-05-29,8659.487305,23.0,15.0
2019-05-30,8319.472656,23.0,15.0
2019-05-31,8574.501953,23.0,15.0
2019-06-01,8564.016602,23.0,15.0
2019-06-02,8742.958008,15.0,13.0
2019-06-03,8208.995117,15.0,13.0
2019-06-04,7707.770995999998,15.0,13.0
2019-06-05,7824.231445,15.0,13.0
2019-06-06,7822.023437999998,15.0,13.0
2019-06-07,8043.951172,15.0,13.0
2019-06-08,7954.12793,15.0,13.0
2019-06-09,7688.077148,16.0,11.0
2019-06-10,8000.32959,16.0,11.0
2019-06-11,7927.714355,16.0,11.0
2019-06-12,8145.857422,16.0,11.0
2019-06-13,8230.923828,16.0,11.0
2019-06-14,8693.833008,16.0,11.0
2019-06-15,8838.375,16.0,11.0
2019-06-16,8994.488281,26.0,17.0
2019-06-17,9320.352539,26.0,17.0
2019-06-18,9081.762695,26.0,17.0
2019-06-19,9273.521484,26.0,17.0
2019-06-20,9527.160156,26.0,17.0
2019-06-21,10144.556641,26.0,17.0
2019-06-22,10701.691406,26.0,17.0
2019-06-23,10855.371094,33.0,26.0
2019-06-24,11011.102539,33.0,26.0
2019-06-25,11790.916992,33.0,26.0
2019-06-26,13016.231445,33.0,26.0
2019-06-27,11182.806641,33.0,26.0
2019-06-28,12407.332031,33.0,26.0
2019-06-29,11959.371094,33.0,26.0
2019-06-30,10817.155273,20.0,18.0
2019-07-01,10583.134766,20.0,18.0
2019-07-02,10801.677734,20.0,18.0
2019-07-03,11961.269531,20.0,18.0
2019-07-04,11215.4375,20.0,18.0
2019-07-05,10978.459961,20.0,18.0
2019-07-06,11208.550781,20.0,18.0
2019-07-07,11450.84668,22.0,16.0
2019-07-08,12285.958008,22.0,16.0
2019-07-09,12573.8125,22.0,16.0
2019-07-10,12156.512695,22.0,16.0
2019-07-11,11358.662109,22.0,16.0
2019-07-12,11815.986328,22.0,16.0
2019-07-13,11392.378906,22.0,16.0
2019-07-14,10256.058594,17.0,16.0
2019-07-15,10895.089844,17.0,16.0
2019-07-16,9477.641602,17.0,16.0
2019-07-17,9693.802734,17.0,16.0
2019-07-18,10666.482422,17.0,16.0
2019-07-19,10530.732422,17.0,16.0
2019-07-20,10767.139648,17.0,16.0
2019-07-21,10599.105469,16.0,13.0
2019-07-22,10343.106445,16.0,13.0
2019-07-23,9900.767578,16.0,13.0
2019-07-24,9811.925781,16.0,13.0
2019-07-25,9911.841797,16.0,13.0
2019-07-26,9870.303711,16.0,13.0
2019-07-27,9477.677734,16.0,13.0
2019-07-28,9552.860352,15.0,12.0
2019-07-29,9519.145508,15.0,12.0
2019-07-30,9607.423828,15.0,12.0
2019-07-31,10085.62793,15.0,12.0
2019-08-01,10399.668945,15.0,12.0
2019-08-02,10518.174805,15.0,12.0
2019-08-03,10821.726563,15.0,12.0
2019-08-04,10970.18457,16.0,15.0
2019-08-05,11805.65332,16.0,15.0
2019-08-06,11478.168945,16.0,15.0
2019-08-07,11941.96875,16.0,15.0
2019-08-08,11966.407227,16.0,15.0
2019-08-09,11862.936523,16.0,15.0
2019-08-10,11354.024414,16.0,15.0
2019-08-11,11523.579102,15.0,13.0
2019-08-12,11382.616211,15.0,13.0
2019-08-13,10895.830078,15.0,13.0
2019-08-14,10051.704102,15.0,13.0
2019-08-15,10311.545898,15.0,13.0
2019-08-16,10374.338867,15.0,13.0
2019-08-17,10231.744141,15.0,13.0
2019-08-18,10345.810547,16.0,12.0
2019-08-19,10916.053711,16.0,12.0
2019-08-20,10763.232422,16.0,12.0
2019-08-21,10138.049805,16.0,12.0
2019-08-22,10131.055664,16.0,12.0
2019-08-23,10407.964844,16.0,12.0
2019-08-24,10159.960938,16.0,12.0
2019-08-25,10138.517578,15.0,37.0
2019-08-26,10370.820313,15.0,37.0
2019-08-27,10185.5,15.0,37.0
2019-08-28,9754.422852,15.0,37.0
2019-08-29,9510.200195,15.0,37.0
2019-08-30,9598.173828,15.0,37.0
2019-08-31,9630.664063,15.0,37.0
2019-09-01,9757.970703,12.0,100.0
2019-09-02,10346.760742,12.0,100.0
2019-09-03,10623.540039,12.0,100.0
2019-09-04,10594.493164,12.0,100.0
2019-09-05,10575.533203,12.0,100.0
2019-09-06,10353.302734,12.0,100.0
2019-09-07,10517.254883,12.0,100.0
2019-09-08,10441.276367,8.0,57.0
2019-09-09,10334.974609,8.0,57.0
2019-09-10,10115.975586,8.0,57.0
2019-09-11,10178.37207,8.0,57.0
2019-09-12,10410.126953,8.0,57.0
2019-09-13,10360.546875,8.0,57.0
2019-09-14,10358.048828,8.0,57.0
2019-09-15,10347.712891,12.0,52.0
2019-09-16,10276.793945,12.0,52.0
2019-09-17,10241.272461,12.0,52.0
2019-09-18,10198.248047,12.0,52.0
2019-09-19,10266.415039,12.0,52.0
2019-09-20,10181.641602,12.0,52.0
2019-09-21,10019.716797,12.0,52.0
2019-09-22,10070.392578,17.0,34.0
2019-09-23,9729.324219,17.0,34.0
2019-09-24,8620.566406,17.0,34.0
2019-09-25,8486.993164,17.0,34.0
2019-09-26,8118.967773,17.0,34.0
2019-09-27,8251.845703,17.0,34.0
2019-09-28,8245.915039,17.0,34.0
2019-09-29,8104.185547,15.0,10.0
2019-09-30,8293.868164,15.0,10.0
2019-10-01,8343.276367,15.0,10.0
2019-10-02,8393.041992,15.0,10.0
2019-10-03,8259.992188,15.0,10.0
2019-10-04,8205.939453,15.0,10.0
2019-10-05,8151.500488,15.0,10.0
2019-10-06,7988.155762,12.0,10.0
2019-10-07,8245.623047,12.0,10.0
2019-10-08,8228.783203,12.0,10.0
2019-10-09,8595.740234,12.0,10.0
2019-10-10,8586.473633,12.0,10.0
2019-10-11,8321.756836,12.0,10.0
2019-10-12,8336.555664,12.0,10.0
2019-10-13,8321.005859,11.0,8.0
2019-10-14,8374.686523,11.0,8.0
2019-10-15,8205.369141,11.0,8.0
2019-10-16,8047.526855,11.0,8.0
2019-10-17,8103.911133,11.0,8.0
2019-10-18,7973.20752,11.0,8.0
2019-10-19,7988.560547,11.0,8.0
2019-10-20,8222.078125,15.0,11.0
2019-10-21,8243.720703,15.0,11.0
2019-10-22,8078.203125,15.0,11.0
2019-10-23,7514.671875,15.0,11.0
2019-10-24,7493.48877,15.0,11.0
2019-10-25,8660.700195,15.0,11.0
2019-10-26,9244.972656,15.0,11.0
2019-10-27,9551.714844,14.0,11.0
2019-10-28,9256.148438,14.0,11.0
2019-10-29,9427.6875,14.0,11.0
2019-10-30,9205.726563,14.0,11.0
2019-10-31,9199.584961,14.0,11.0
2019-11-01,9261.104492,14.0,11.0
2019-11-02,9324.717773,14.0,11.0
2019-11-03,9235.354492,11.0,9.0
2019-11-04,9412.612305,11.0,9.0
2019-11-05,9342.527344,11.0,9.0
2019-11-06,9360.879883,11.0,9.0
2019-11-07,9267.561523,11.0,9.0
2019-11-08,8804.880859,11.0,9.0
2019-11-09,8813.582031,11.0,9.0
2019-11-10,9055.526367,10.0,9.0
2019-11-11,8757.788086,10.0,9.0
2019-11-12,8815.662109,10.0,9.0
2019-11-13,8808.262695,10.0,9.0
2019-11-14,8708.094727,10.0,9.0
2019-11-15,8491.992188,10.0,9.0
2019-11-16,8550.760742,10.0,9.0
2019-11-17,8577.975586,13.0,10.0
2019-11-18,8309.286133,13.0,10.0
2019-11-19,8206.145508,13.0,10.0
2019-11-20,8027.268066,13.0,10.0
2019-11-21,7642.75,13.0,10.0
2019-11-22,7296.577637,13.0,10.0
2019-11-23,7397.796875,13.0,10.0
2019-11-24,7047.916992,15.0,10.0
2019-11-25,7146.133789,15.0,10.0
2019-11-26,7218.371094,15.0,10.0
2019-11-27,7531.663573999998,15.0,10.0
2019-11-28,7463.105956999999,15.0,10.0
2019-11-29,7761.243651999999,15.0,10.0
2019-11-30,7569.629883,15.0,10.0
2019-12-01,7424.29248,9.0,9.0
2019-12-02,7321.988281,9.0,9.0
2019-12-03,7320.145508,9.0,9.0
2019-12-04,7252.034668000001,9.0,9.0
2019-12-05,7448.307617,9.0,9.0
2019-12-06,7546.996581999999,9.0,9.0
2019-12-07,7556.237793000001,9.0,9.0
2019-12-08,7564.345215,8.0,8.0
2019-12-09,7400.899414,8.0,8.0
2019-12-10,7278.119629000002,8.0,8.0
2019-12-11,7217.427245999998,8.0,8.0
2019-12-12,7243.134276999999,8.0,8.0
2019-12-13,7269.68457,8.0,8.0
2019-12-14,7124.673828,8.0,8.0
2019-12-15,7152.301758,16.0,10.0
2019-12-16,6932.480469,16.0,10.0
2019-12-17,6640.5151369999985,16.0,10.0
2019-12-18,7276.802734000001,16.0,10.0
2019-12-19,7202.844238,16.0,10.0
2019-12-20,7218.816406,16.0,10.0
2019-12-21,7191.158691,16.0,10.0
2019-12-22,7511.588867,12.0,9.0
2019-12-23,7355.628418000001,12.0,9.0
2019-12-24,7322.532227,12.0,9.0
2019-12-25,7275.155762,12.0,9.0
2019-12-26,7238.966797,12.0,9.0
2019-12-27,7290.088379000002,12.0,9.0
2019-12-28,7317.990234000001,12.0,9.0
2019-12-29,7422.652831999999,14.0,9.0
2019-12-30,7292.995117,14.0,9.0
2019-12-31,7193.599120999998,14.0,9.0
2020-01-01,7200.174316,14.0,9.0
2020-01-02,6985.470215,14.0,9.0
2020-01-03,7344.884276999999,14.0,9.0
2020-01-04,7410.656738,14.0,9.0
2020-01-05,7411.317383,15.0,11.0
2020-01-06,7769.219238,15.0,11.0
2020-01-07,8163.692383,15.0,11.0
2020-01-08,8079.862793000001,15.0,11.0
2020-01-09,7879.071289,15.0,11.0
2020-01-10,8166.554198999998,15.0,11.0
2020-01-11,8037.537598000001,15.0,11.0
2020-01-12,8192.494141,17.0,11.0
2020-01-13,8144.194336,17.0,11.0
2020-01-14,8827.764648,17.0,11.0
2020-01-15,8807.010742,17.0,11.0
2020-01-16,8723.786133,17.0,11.0
2020-01-17,8929.038086,17.0,11.0
2020-01-18,8942.808594,17.0,11.0
2020-01-19,8706.245117,11.0,10.0
2020-01-20,8657.642578,11.0,10.0
2020-01-21,8745.894531,11.0,10.0
2020-01-22,8680.875977,11.0,10.0
2020-01-23,8406.515625,11.0,10.0
2020-01-24,8445.43457,11.0,10.0
2020-01-25,8367.847656,11.0,10.0
2020-01-26,8596.830078,15.0,10.0
2020-01-27,8909.819336,15.0,10.0
2020-01-28,9358.589844,15.0,10.0
2020-01-29,9316.629883,15.0,10.0
2020-01-30,9508.993164,15.0,10.0
2020-01-31,9350.529297,15.0,10.0
2020-02-01,9392.875,15.0,10.0
2020-02-02,9344.365234,13.0,11.0
2020-02-03,9293.521484,13.0,11.0
2020-02-04,9180.962891,13.0,11.0
2020-02-05,9613.423828,13.0,11.0
2020-02-06,9729.801758,13.0,11.0
2020-02-07,9795.943359,13.0,11.0
2020-02-08,9865.119141,13.0,11.0
2020-02-09,10116.673828,15.0,13.0
2020-02-10,9856.611328,15.0,13.0
2020-02-11,10208.236328,15.0,13.0
2020-02-12,10326.054688,15.0,13.0
2020-02-13,10214.379883,15.0,13.0
2020-02-14,10312.116211,15.0,13.0
2020-02-15,9889.424805,15.0,13.0
2020-02-16,9934.433594,15.0,11.0
2020-02-17,9690.142578,15.0,11.0
2020-02-18,10141.996094,15.0,11.0
2020-02-19,9633.386719,15.0,11.0
2020-02-20,9608.475586,15.0,11.0
2020-02-21,9686.441406,15.0,11.0
2020-02-22,9663.181641,15.0,11.0
2020-02-23,9924.515625,14.0,11.0
2020-02-24,9650.174805,14.0,11.0
2020-02-25,9341.705078,14.0,11.0
2020-02-26,8820.522461,14.0,11.0
2020-02-27,8784.494141,14.0,11.0
2020-02-28,8672.455078,14.0,11.0
2020-02-29,8599.508789,14.0,11.0
2020-03-01,8562.454102,11.0,11.0
2020-03-02,8869.669922,11.0,11.0
2020-03-03,8787.786133,11.0,11.0
2020-03-04,8755.246094,11.0,11.0
2020-03-05,9078.762695,11.0,11.0
2020-03-06,9122.545898,11.0,11.0
2020-03-07,8909.954102,11.0,11.0
2020-03-08,8108.116211,19.0,20.0
2020-03-09,7923.644531,19.0,20.0
2020-03-10,7909.729492,19.0,20.0
2020-03-11,7911.430176000002,19.0,20.0
2020-03-12,4970.788086,19.0,20.0
2020-03-13,5563.707031,19.0,20.0
2020-03-14,5200.366211,19.0,20.0
2020-03-15,5392.314941,15.0,19.0
2020-03-16,5014.47998,15.0,19.0
2020-03-17,5225.629395,15.0,19.0
2020-03-18,5238.4384770000015,15.0,19.0
2020-03-19,6191.192871,15.0,19.0
2020-03-20,6198.77832,15.0,19.0
2020-03-21,6185.066406,15.0,19.0
2020-03-22,5830.254883,11.0,15.0
2020-03-23,6416.314941,11.0,15.0
2020-03-24,6734.803711,11.0,15.0
2020-03-25,6681.0629880000015,11.0,15.0
2020-03-26,6716.44043,11.0,15.0
2020-03-27,6469.79834,11.0,15.0
2020-03-28,6242.193848,11.0,15.0
2020-03-29,5922.042969,9.0,13.0
2020-03-30,6429.841797,9.0,13.0
2020-03-31,6438.644531,9.0,13.0
2020-04-01,6606.776367,9.0,13.0
2020-04-02,6793.624512,9.0,13.0
2020-04-03,6733.387206999999,9.0,13.0
2020-04-04,6867.527344,9.0,13.0
2020-04-05,6791.129395,12.0,13.0
2020-04-06,7271.78125,12.0,13.0
2020-04-07,7176.414551000002,12.0,13.0
2020-04-08,7334.098633,12.0,13.0
2020-04-09,7302.089355,12.0,13.0
2020-04-10,6865.493164,12.0,13.0
2020-04-11,6859.083008,12.0,13.0
2020-04-12,6971.091797,14.0,13.0
2020-04-13,6845.037598000001,14.0,13.0
2020-04-14,6842.427734000001,14.0,13.0
2020-04-15,6642.1098630000015,14.0,13.0
2020-04-16,7116.804198999998,14.0,13.0
2020-04-17,7116.804198999998,14.0,13.0
2020-04-18,7257.665039,14.0,13.0
2020-04-19,7189.424805,14.0,12.0
2020-04-20,6881.958495999998,14.0,12.0
2020-04-21,6880.323242,14.0,12.0
2020-04-22,7117.20752,14.0,12.0
2020-04-23,7429.724609000001,14.0,12.0
2020-04-24,7550.900879000002,14.0,12.0
2020-04-25,7569.936035,14.0,12.0
2020-04-26,7679.867187999998,13.0,16.0
2020-04-27,7795.601073999998,13.0,16.0
2020-04-28,7807.058594,13.0,16.0
2020-04-29,8801.038086,13.0,16.0
2020-04-30,8658.553711,13.0,16.0
2020-05-01,8864.766602,13.0,16.0
2020-05-02,8988.59668,13.0,16.0
2020-05-03,8897.46875,21.0,18.0
2020-05-04,8912.654297,21.0,18.0
2020-05-05,9003.070313,21.0,18.0
2020-05-06,9268.761719,21.0,18.0
2020-05-07,9951.518555,21.0,18.0
2020-05-08,9842.666016,21.0,18.0
2020-05-09,9593.896484,21.0,18.0
2020-05-10,8756.430664,24.0,21.0
2020-05-11,8601.795898,24.0,21.0
2020-05-12,8804.477539,24.0,21.0
2020-05-13,9269.987305,24.0,21.0
2020-05-14,9733.72168,24.0,21.0
2020-05-15,9328.197266,24.0,21.0
2020-05-16,9377.013672,24.0,21.0
2020-05-17,9670.739258,14.0,15.0
2020-05-18,9726.575195,14.0,15.0
2020-05-19,9729.038086,14.0,15.0
2020-05-20,9522.981445,14.0,15.0
2020-05-21,9081.761719,14.0,15.0
2020-05-22,9182.577148,14.0,15.0
2020-05-23,9209.287109,14.0,15.0
2020-05-24,8790.368164,12.0,13.0
2020-05-25,8906.93457,12.0,13.0
2020-05-26,8835.052734,12.0,13.0
2020-05-27,9181.017578,12.0,13.0
2020-05-28,9525.750977,12.0,13.0
2020-05-29,9439.124023,12.0,13.0
2020-05-30,9700.414063,12.0,13.0
2020-05-31,9461.058594,10.0,13.0
2020-06-01,10167.268555,10.0,13.0
2020-06-02,9529.803711,10.0,13.0
2020-06-03,9656.717773,10.0,13.0
2020-06-04,9800.636719,10.0,13.0
2020-06-05,9665.533203,10.0,13.0
2020-06-06,9653.679688,10.0,13.0
2020-06-07,9758.852539,11.0,12.0
2020-06-08,9771.489258,11.0,12.0
2020-06-09,9795.700195,11.0,12.0
2020-06-10,9870.094727,11.0,12.0
2020-06-11,9321.78125,11.0,12.0
2020-06-12,9480.84375,11.0,12.0
2020-06-13,9475.277344,11.0,12.0
2020-06-14,9386.788086,9.0,11.0
2020-06-15,9450.702148,9.0,11.0
2020-06-16,9538.024414,9.0,11.0
2020-06-17,9480.254883,9.0,11.0
2020-06-18,9411.84082,9.0,11.0
2020-06-19,9288.018555,9.0,11.0
2020-06-20,9332.34082,9.0,11.0
2020-06-21,9303.629883,10.0,11.0
2020-06-22,9648.717773,10.0,11.0
2020-06-23,9629.658203,10.0,11.0
2020-06-24,9313.610352,10.0,11.0
2020-06-25,9264.813477,10.0,11.0
2020-06-26,9162.917969,10.0,11.0
2020-06-27,9045.390625,10.0,11.0
2020-06-28,9143.582031,10.0,10.0
2020-06-29,9190.854492,10.0,10.0
2020-06-30,9137.993164,10.0,10.0
2020-07-01,9228.325195,10.0,10.0
2020-07-02,9123.410156,10.0,10.0
2020-07-03,9087.303711,10.0,10.0
2020-07-04,9132.488281,10.0,10.0
2020-07-05,9073.942383,9.0,10.0
2020-07-06,9375.474609,9.0,10.0
2020-07-07,9252.277344,9.0,10.0
2020-07-08,9428.333008,9.0,10.0
2020-07-09,9277.967773,9.0,10.0
2020-07-10,9278.807617,9.0,10.0
2020-07-11,9240.34668,9.0,10.0
2020-07-12,9276.5,12.0,11.0
2020-07-13,9243.614258,12.0,11.0
2020-07-14,9243.213867,12.0,11.0
2020-07-15,9192.836914,12.0,11.0
2020-07-16,9132.227539,12.0,11.0
2020-07-17,9151.392578,12.0,11.0
2020-07-18,9159.040039,12.0,11.0
2020-07-19,9185.817383,8.0,11.0
2020-07-20,9164.231445,8.0,11.0
2020-07-21,9374.887695,8.0,11.0
2020-07-22,9525.363281,8.0,11.0
2020-07-23,9581.072266,8.0,11.0
2020-07-24,9536.892578,8.0,11.0
2020-07-25,9677.113281,8.0,11.0
2020-07-26,9905.166992,18.0,17.0
2020-07-27,10990.873047,18.0,17.0
2020-07-28,10912.823242,18.0,17.0
2020-07-29,11100.467773,18.0,17.0
2020-07-30,11111.213867,18.0,17.0
2020-07-31,11323.466797,18.0,17.0
2020-08-01,11759.592773,18.0,17.0
2020-08-02,11053.614258,16.0,16.0
2020-08-03,11246.348633,16.0,16.0
2020-08-04,11205.892578,16.0,16.0
2020-08-05,11747.022461,16.0,16.0
2020-08-06,11779.773438,16.0,16.0
2020-08-07,11601.472656,16.0,16.0
2020-08-08,11754.045898,16.0,16.0
2020-08-09,11675.739258,14.0,14.0
2020-08-10,11878.111328,14.0,14.0
2020-08-11,11410.525391,14.0,14.0
2020-08-12,11584.93457,14.0,14.0
2020-08-13,11784.137695,14.0,14.0
2020-08-14,11768.871094,14.0,14.0
2020-08-15,11865.698242,14.0,14.0
2020-08-16,11892.803711,12.0,13.0
2020-08-17,12254.402344,12.0,13.0
2020-08-18,11991.233398,12.0,13.0
2020-08-19,11758.283203,12.0,13.0
2020-08-20,11878.37207,12.0,13.0
2020-08-21,11592.489258,12.0,13.0
2020-08-22,11681.825195,12.0,13.0
2020-08-23,11664.847656,9.0,11.0
2020-08-24,11774.595703,9.0,11.0
2020-08-25,11366.134766,9.0,11.0
2020-08-26,11488.363281,9.0,11.0
2020-08-27,11323.397461,9.0,11.0
2020-08-28,11542.5,9.0,11.0
2020-08-29,11506.865234,9.0,11.0
2020-08-30,11711.505859,15.0,12.0
2020-08-31,11680.820313,15.0,12.0
2020-09-01,11970.478516,15.0,12.0
2020-09-02,11414.03418,15.0,12.0
2020-09-03,10245.296875,15.0,12.0
2020-09-04,10511.813477,15.0,12.0
2020-09-05,10169.567383,15.0,12.0
2020-09-06,10280.351563,11.0,11.0
2020-09-07,10369.563477,11.0,11.0
2020-09-08,10131.516602,11.0,11.0
2020-09-09,10242.347656,11.0,11.0
2020-09-10,10363.138672,11.0,11.0
2020-09-11,10400.915039,11.0,11.0
2020-09-12,10442.170898,11.0,11.0
2020-09-13,10323.755859,9.0,10.0
2020-09-14,10680.837891,9.0,10.0
2020-09-15,10796.951172,9.0,10.0
2020-09-16,10974.905273,9.0,10.0
2020-09-17,10948.990234,9.0,10.0
2020-09-18,10944.585938,9.0,10.0
2020-09-19,11094.34668,9.0,10.0
2020-09-20,10938.271484,10.0,10.0
2020-09-21,10462.259766,10.0,10.0
2020-09-22,10538.459961,10.0,10.0
2020-09-23,10225.864258,10.0,10.0
2020-09-24,10745.548828,10.0,10.0
2020-09-25,10702.290039,10.0,10.0
2020-09-26,10754.4375,10.0,10.0
2020-09-27,10774.426758,9.0,9.0
2020-09-28,10721.327148,9.0,9.0
2020-09-29,10848.830078,9.0,9.0
2020-09-30,10787.618164,9.0,9.0
2020-10-01,10623.330078,9.0,9.0
2020-10-02,10585.164063,9.0,9.0
2020-10-03,10565.493164,9.0,9.0
2020-10-04,10684.428711,7.0,9.0
2020-10-05,10804.000977,7.0,9.0
2020-10-06,10621.664063,7.0,9.0
2020-10-07,10679.136719,7.0,9.0
2020-10-08,10923.62793,7.0,9.0
2020-10-09,10923.62793,7.0,9.0
2020-10-10,11296.361328,7.0,9.0
2020-10-11,11384.181641,7.0,10.0
2020-10-12,11384.181641,7.0,10.0
2020-10-13,11384.181641,7.0,10.0
2020-10-14,11429.506836,7.0,10.0
2020-10-15,11495.349609,7.0,10.0
2020-10-16,11322.123047,7.0,10.0
2020-10-17,11358.101563,7.0,10.0
2020-10-18,11483.359375,16.0,14.0
2020-10-19,11742.037109,16.0,14.0
2020-10-20,11916.334961,16.0,14.0
2020-10-21,12823.689453,16.0,14.0
2020-10-22,12965.891602,16.0,14.0
2020-10-23,12931.539063,16.0,14.0
2020-10-24,13108.0625,16.0,14.0
2020-10-25,13031.173828,16.0,14.0
2020-10-26,13075.248047,16.0,14.0
2020-10-27,13654.21875,16.0,14.0
2020-10-28,13271.285156,16.0,14.0
2020-10-29,13437.882813,16.0,14.0
2020-10-30,13546.522461000002,16.0,14.0
2020-10-31,13780.995117,16.0,14.0
2020-11-01,13737.109375,16.0,15.0
2020-11-02,13550.489258,16.0,15.0
2020-11-03,13950.300781,16.0,15.0
2020-11-04,14133.707031,16.0,15.0
2020-11-05,15579.848633,16.0,15.0
2020-11-06,15565.880859,16.0,15.0
2020-11-07,14833.753906,16.0,15.0
2020-11-08,15479.567383,15.0,16.0
2020-11-09,15332.31543,15.0,16.0
2020-11-10,15290.902344,15.0,16.0
2020-11-11,15701.339844,15.0,16.0
2020-11-12,16276.34375,15.0,16.0
2020-11-13,16317.808594,15.0,16.0
2020-11-14,16068.138672,15.0,16.0
2020-11-15,15955.587891,24.0,23.0
2020-11-16,16716.111328,24.0,23.0
2020-11-17,17645.40625,24.0,23.0
2020-11-18,17804.005859,24.0,23.0
2020-11-19,17817.089844,24.0,23.0
2020-11-20,18621.314453,24.0,23.0
2020-11-21,18642.232422,24.0,23.0
2020-11-22,18370.001953,25.0,25.0
2020-11-23,18364.121094,25.0,25.0
2020-11-24,19107.464844,25.0,25.0
2020-11-25,18732.121094,25.0,25.0
2020-11-26,17150.623047,25.0,25.0
2020-11-27,17108.402344,25.0,25.0
2020-11-28,17717.414063,25.0,25.0
2020-11-29,18177.484375,22.0,21.0
2020-11-30,19625.835938,22.0,21.0
2020-12-01,18802.998047,22.0,21.0
2020-12-02,19201.091797,22.0,21.0
2020-12-03,19445.398438,22.0,21.0
2020-12-04,18699.765625,22.0,21.0
2020-12-05,19154.230469,22.0,21.0
2020-12-06,19345.121094,14.0,17.0
2020-12-07,19191.630859,14.0,17.0
2020-12-08,18321.144531,14.0,17.0
2020-12-09,18553.916016,14.0,17.0
2020-12-10,18264.992188,14.0,17.0
2020-12-11,18058.904297,14.0,17.0
2020-12-12,18803.65625,14.0,17.0
2020-12-13,19142.382813,31.0,27.0
2020-12-14,19246.644531,31.0,27.0
2020-12-15,19417.076172,31.0,27.0
2020-12-16,21310.597656,31.0,27.0
2020-12-17,22805.162109,31.0,27.0
2020-12-18,23137.960938,31.0,27.0
2020-12-19,23869.832031,31.0,27.0
2020-12-20,23477.294922,26.0,27.0
2020-12-21,22803.082031,26.0,27.0
2020-12-22,23783.029297,26.0,27.0
2020-12-23,23241.345703,26.0,27.0
2020-12-24,23735.949219,26.0,27.0
2020-12-25,24664.791016,26.0,27.0
2020-12-26,26437.037109,26.0,27.0
2020-12-27,26272.294922,34.0,40.0
2020-12-28,27084.808594,34.0,40.0
2020-12-29,27362.4375,34.0,40.0
2020-12-30,28840.953125,34.0,40.0
2020-12-31,29001.720702999995,34.0,40.0
2021-01-01,29374.152344,34.0,40.0
2021-01-02,32127.267577999995,34.0,40.0
2021-01-03,32782.023438,55.0,65.0
2021-01-04,31971.914063,55.0,65.0
2021-01-05,33992.429688,55.0,65.0
2021-01-06,36824.363281,55.0,65.0
2021-01-07,39371.042969,55.0,65.0
2021-01-08,40797.609375,55.0,65.0
2021-01-09,40254.546875,55.0,65.0
2021-01-10,38356.441406,54.0,63.0
2021-01-11,35566.65625,54.0,63.0
2021-01-12,33922.960938,54.0,63.0
2021-01-13,37316.359375,54.0,63.0
2021-01-14,39187.328125,54.0,63.0
2021-01-15,36825.367188,54.0,63.0
2021-01-16,36178.140625,54.0,63.0
2021-01-17,35791.277344,42.0,40.0
2021-01-18,36630.074219,42.0,40.0
2021-01-19,36069.804688,42.0,40.0
2021-01-20,35547.75,42.0,40.0
2021-01-21,30825.699219,42.0,40.0
2021-01-22,33005.761719,42.0,40.0
2021-01-23,32067.642577999995,42.0,40.0
2021-01-24,32289.378906,32.0,38.0
2021-01-25,32366.392577999995,32.0,38.0
2021-01-26,32569.849609,32.0,38.0
2021-01-27,30432.546875,32.0,38.0
2021-01-28,31649.605469,32.0,38.0
2021-01-29,34316.386719,32.0,38.0
2021-01-30,34269.523438,32.0,38.0
2021-01-31,33114.359375,32.0,35.0
2021-02-01,33537.175781,32.0,35.0
2021-02-02,35510.289063,32.0,35.0
2021-02-03,37472.089844,32.0,35.0
2021-02-04,36926.066406,32.0,35.0
2021-02-05,38144.308594,32.0,35.0
2021-02-06,39266.011719,32.0,35.0
2021-02-07,38903.441406,66.0,58.0
2021-02-08,46196.464844,66.0,58.0
2021-02-09,46481.105469,66.0,58.0
2021-02-10,44918.183594,66.0,58.0
2021-02-11,47909.332031,66.0,58.0
2021-02-12,47504.851563,66.0,58.0
2021-02-13,47105.515625,66.0,58.0
2021-02-14,48717.289063,57.0,59.0
2021-02-15,47945.058594,57.0,59.0
2021-02-16,49199.871094,57.0,59.0
2021-02-17,52149.007813,57.0,59.0
2021-02-18,51679.796875,57.0,59.0
2021-02-19,55888.132813,57.0,59.0
2021-02-20,56099.51953099999,57.0,59.0
2021-02-21,57539.945313,64.0,64.0
2021-02-22,54207.320313,64.0,64.0
2021-02-23,48824.425781,64.0,64.0
2021-02-24,49705.332031,64.0,64.0
2021-02-25,47093.851563,64.0,64.0
2021-02-26,46339.761719,64.0,64.0
2021-02-27,46188.453125,64.0,64.0
2021-02-28,45137.769531,39.0,42.0
2021-03-01,49631.242188,39.0,42.0
2021-03-02,48378.988281,39.0,42.0
2021-03-03,50538.242188,39.0,42.0
2021-03-04,48561.167969,39.0,42.0
2021-03-05,48927.304688,39.0,42.0
2021-03-06,48912.382813,39.0,42.0
2021-03-07,51206.691406,46.0,42.0
2021-03-08,52246.523438,46.0,42.0
2021-03-09,54824.117188,46.0,42.0
2021-03-10,56008.55078099999,46.0,42.0
2021-03-11,57805.12109400001,46.0,42.0
2021-03-12,57332.08984400001,46.0,42.0
2021-03-13,61243.085938,46.0,42.0
2021-03-14,59302.31640599999,51.0,40.0
2021-03-15,55907.19921900001,51.0,40.0
2021-03-16,56804.90234400001,51.0,40.0
2021-03-17,58870.89453099999,51.0,40.0
2021-03-18,57858.921875,51.0,40.0
2021-03-19,58346.65234400001,51.0,40.0
2021-03-20,58313.64453099999,51.0,40.0
2021-03-21,57523.421875,32.0,37.0
2021-03-22,54529.14453099999,32.0,37.0
2021-03-23,54738.945313,32.0,37.0
2021-03-24,52774.265625,32.0,37.0
2021-03-25,51704.160156,32.0,37.0
2021-03-26,55137.3125,32.0,37.0
2021-03-27,55973.51171900001,32.0,37.0
2021-03-28,55950.74609400001,27.0,36.0
2021-03-29,57750.19921900001,27.0,36.0
2021-03-30,58917.69140599999,27.0,36.0
2021-03-31,58918.83203099999,27.0,36.0
2021-04-01,59095.80859400001,27.0,36.0
2021-04-02,59384.3125,27.0,36.0
2021-04-03,57603.890625,27.0,36.0
2021-04-04,58758.554688,32.0,34.0
2021-04-05,59057.87890599999,32.0,34.0
2021-04-06,58192.359375,32.0,34.0
2021-04-07,56048.9375,32.0,34.0
2021-04-08,58323.953125,32.0,34.0
2021-04-09,58245.00390599999,32.0,34.0
2021-04-10,59793.234375,32.0,34.0
2021-04-11,60204.96484400001,32.0,42.0
2021-04-12,59893.453125,32.0,42.0
2021-04-13,63503.45703099999,32.0,42.0
2021-04-14,63109.695313,32.0,42.0
2021-04-15,63314.01171900001,32.0,42.0
2021-04-16,61572.789063,32.0,42.0
2021-04-17,60683.820313,32.0,42.0
2021-04-18,56216.18359400001,60.0,55.0
2021-04-19,55724.265625,60.0,55.0
2021-04-20,56473.03125,60.0,55.0
2021-04-21,53906.08984400001,60.0,55.0
2021-04-22,51762.273438,60.0,55.0
2021-04-23,51093.652344,60.0,55.0
2021-04-24,50050.867188,60.0,55.0
2021-04-25,49004.253906,38.0,40.0
2021-04-26,54021.75390599999,38.0,40.0
2021-04-27,55033.117188,38.0,40.0
2021-04-28,54824.703125,38.0,40.0
2021-04-29,53555.109375,38.0,40.0
2021-04-30,57750.17578099999,38.0,40.0
2021-05-01,57828.05078099999,38.0,40.0
2021-05-02,56631.078125,27.0,34.0
2021-05-03,57200.29296900001,27.0,34.0
2021-05-04,53333.539063,27.0,34.0
2021-05-05,57424.007813,27.0,34.0
2021-05-06,56396.515625,27.0,34.0
2021-05-07,57356.40234400001,27.0,34.0
2021-05-08,58803.77734400001,27.0,34.0
2021-05-09,58232.31640599999,49.0,45.0
2021-05-10,55859.796875,49.0,45.0
2021-05-11,56704.57421900001,49.0,45.0
2021-05-12,49150.535156,49.0,45.0
2021-05-13,49716.191406,49.0,45.0
2021-05-14,49880.535156,49.0,45.0
2021-05-15,46760.1875,49.0,45.0
2021-05-16,46456.058594,83.0,78.0
2021-05-17,43537.511719,83.0,78.0
2021-05-18,42909.402344,83.0,78.0
2021-05-19,37002.441406,83.0,78.0
2021-05-20,40782.738281,83.0,78.0
2021-05-21,37304.691406,83.0,78.0
2021-05-22,37536.632813,83.0,78.0
2021-05-23,34770.582031,52.0,56.0
2021-05-24,38705.980469,52.0,56.0
2021-05-25,38402.222656,52.0,56.0
2021-05-26,39294.199219,52.0,56.0
2021-05-27,38436.96875,52.0,56.0
2021-05-28,35697.605469,52.0,56.0
2021-05-29,34616.066406,52.0,56.0
2021-05-30,35678.128906,29.0,41.0
2021-05-31,37332.855469,29.0,41.0
2021-06-01,36684.925781,29.0,41.0
2021-06-02,37575.179688,29.0,41.0
2021-06-03,39208.765625,29.0,41.0
2021-06-04,36894.40625,29.0,41.0
2021-06-05,35551.957031,29.0,41.0
2021-06-06,35862.378906,51.0,42.0
2021-06-07,33560.707031,51.0,42.0
2021-06-08,33472.632813,51.0,42.0
2021-06-09,37345.121094,51.0,42.0
2021-06-10,36702.597656,51.0,42.0
2021-06-11,37334.398438,51.0,42.0
2021-06-12,35552.515625,51.0,42.0
2021-06-13,39097.859375,36.0,32.0
2021-06-14,40218.476563,36.0,32.0
2021-06-15,40406.269531,36.0,32.0
2021-06-16,38347.0625,36.0,32.0
2021-06-17,38053.503906,36.0,32.0
2021-06-18,35787.246094,36.0,32.0
2021-06-19,35615.871094,36.0,32.0
2021-06-20,35698.296875,41.0,39.0
2021-06-21,31676.693359,41.0,39.0
2021-06-22,32505.660156,41.0,39.0
2021-06-23,33723.027344,41.0,39.0
2021-06-24,34662.4375,41.0,39.0
2021-06-25,31637.779297000005,41.0,39.0
2021-06-26,32186.277344,41.0,39.0
2021-06-27,34649.644531,29.0,29.0
2021-06-28,34434.335938,29.0,29.0
2021-06-29,35867.777344,29.0,29.0
2021-06-30,35040.835938,29.0,29.0
2021-07-01,33572.117188,29.0,29.0
2021-07-02,33897.046875,29.0,29.0
2021-07-03,34668.546875,29.0,29.0
2021-07-04,35287.78125,28.0,23.0
2021-07-05,33746.003906,28.0,23.0
2021-07-06,34235.195313,28.0,23.0
2021-07-07,33855.328125,28.0,23.0
2021-07-08,32877.371094,28.0,23.0
2021-07-09,33798.011719,28.0,23.0
2021-07-10,33520.519531,28.0,23.0
2021-07-11,34240.1875,32.0,23.0
2021-07-12,33155.847656,32.0,23.0
